location_id	name	parent_location	parent_name	retired	uuid	tags	total_visits	active_visits	total_encounters	latest_encounter
891	AMIZERO	NULL	NULL	0	6fc9f01c-11d3-468d-9bf9-70f79a97e140	NULL	575	0	1451	2025-09-01 15:48:06
1181	Anesthesia service	245	Shyira HD	0	ea0722d2-b4b0-4cde-968c-9f4ab188ff77	Anesthesia Service, Login Location	0	0	1	2026-07-28 00:00:00
893	ANUPHIL	NULL	NULL	0	0aa14712-cb05-4678-b89e-55ba29ae469b	NULL	8	0	8	2021-06-12 11:17:51
1115	ARBEF	NULL	NULL	0	02f4bf4c-d6de-4133-8aea-79c5bc7cf52d	NULL	3	0	5	2019-07-15 09:15:17
249	Arusha	NULL	NULL	0	487a9fbb-b0db-465d-8944-346d128813f3	NULL	0	0	5	2024-10-28 00:00:00
781	Arusha MU	NULL	NULL	0	24d5d774-5550-489b-b143-69f480bd7765	NULL	0	0	4	2018-04-10 20:47:21
456	AVEGA Kigali	NULL	NULL	0	5e5617ab-7e5d-4860-90ff-937d147dc0d3	NULL	4	0	4	2021-07-06 23:48:43
626	AVEGA RWAMAGANA	NULL	NULL	0	2f765251-7cdc-4ae0-8f1b-15ef1f0ec913	NULL	0	0	0	NULL
476	Bethsaida (Kicukiro)	NULL	NULL	0	20731cc8-5464-4782-a019-5db7b24a0e0a	NULL	0	0	1	2012-02-29 00:00:00
1077	Bethsaida MU	NULL	NULL	0	979eec26-b59a-43d7-8eeb-3964b3fe674d	NULL	0	0	1	2026-08-01 09:22:28
250	Bigogwe	NULL	NULL	0	5af24563-d467-4b4e-a23f-4689a230e2a7	NULL	0	0	19	2025-07-31 00:00:00
779	Bigogwe MU	NULL	NULL	0	5bd01760-48e8-430c-96f3-2beddfce8888	NULL	0	0	10	2026-03-16 00:00:00
215	Biguhu	NULL	NULL	0	e5d847e5-9d57-4e31-ba8a-cf57516ac748	NULL	0	0	0	NULL
738	Biguhu MU	NULL	NULL	0	579c083c-0616-4234-a81d-26b196a2a9f5	NULL	0	0	0	NULL
1116	Bioglody	NULL	NULL	1	e58270fc-4458-428c-926b-43a310c73ab9	NULL	0	0	0	NULL
1118	Biolab	NULL	NULL	0	0de15b46-98e9-486b-8981-017c30278b5f	NULL	0	0	0	NULL
216	Birambo	NULL	NULL	0	a4cd39ee-fb20-4363-9e09-1b885e705bfe	NULL	0	0	0	NULL
732	Birambo MU	NULL	NULL	0	e476dfb7-1faa-4387-a15f-a560cf4b0d77	NULL	0	0	1	2024-09-07 00:00:00
917	Birehe MU	NULL	NULL	0	9597d73d-03a6-4909-bffa-2a4c6812ee28	NULL	0	0	9	2023-11-15 00:00:00
251	Birembo	NULL	NULL	0	b65546f7-e17e-451d-9de2-806b083387ed	NULL	0	0	1	2024-12-01 00:00:00
788	Birembo MU	NULL	NULL	0	8b2f7497-daeb-4422-8081-610d7d007df7	NULL	0	0	0	NULL
314	Biruyi	NULL	NULL	0	617a1547-b96d-42d9-a944-d599f06dc1e3	NULL	0	0	1	2024-01-23 00:00:00
841	Biruyi MU	NULL	NULL	0	2d0af8f6-9545-455d-b202-264c8fecff0a	NULL	0	0	0	NULL
483	Biryogo	NULL	NULL	0	e7d14d07-fd56-473f-93a3-e8f55fd9ab50	NULL	0	0	0	NULL
1146	Biryogo MSC MU	NULL	NULL	0	6a844c2b-fac7-44b7-b06e-dc7fe92016c9	NULL	0	0	0	NULL
182	Bisate	NULL	NULL	0	a6c9f57b-a997-4591-a3ab-65546b4c81fa	NULL	0	0	6	2025-03-10 00:00:00
707	Bisate MU	NULL	NULL	0	64b058fd-0a77-4f19-81aa-34f38dfe94f9	NULL	0	0	2	2026-03-02 00:00:00
225	Bisesero	NULL	NULL	0	0f8220c2-8515-4539-ad8f-217fecb31ced	NULL	0	0	0	NULL
318	Bitenga	NULL	NULL	0	3978f1bd-b1a4-4d56-8468-6fa0d695c00f	NULL	0	0	0	NULL
852	Bitenga MU	NULL	NULL	0	c4718a9c-9256-49a4-9014-59516aa5e6e0	NULL	0	0	0	NULL
1121	BMC	NULL	NULL	0	2530418f-938c-4fe5-b50b-ef9e810a2e58	NULL	0	0	2	2026-07-22 00:00:00
217	Bubazi	NULL	NULL	0	7fa6994d-ca9e-4cce-ac8f-a1d798a200d1	NULL	0	0	0	NULL
747	Bubazi MU	NULL	NULL	0	de3de039-684c-4657-9082-c336560a2461	NULL	0	0	0	NULL
91	Bugaragara	NULL	NULL	0	0fc4e4fa-ed95-4427-acbe-7c903aee029c	NULL	0	0	0	NULL
606	Bugaragara MU	NULL	NULL	0	0468a0c2-2030-4a49-9906-36e035940dae	NULL	0	0	0	NULL
302	Bugarama (Muganza)	NULL	NULL	0	a6124ab5-daed-4ab8-b236-7a4c7b743257	NULL	0	0	0	NULL
935	Bugarama (NYAMAGABE)	NULL	NULL	0	3fc6b395-f9cb-46f2-9ffa-e72805dfab71	NULL	0	0	2	2015-10-28 00:00:00
36	Bugarura	NULL	NULL	0	4e92360e-e38f-4fae-839c-a552f5b78691	NULL	0	0	0	NULL
510	Bugarura MU	NULL	NULL	0	adaf7d0a-5cb9-4151-ad66-713e79f44a98	NULL	0	0	0	NULL
493	Bugesera DP	NULL	NULL	0	743c7286-201e-4fb0-84df-ceab6e36a439	NULL	0	0	0	NULL
283	Bugeshi	NULL	NULL	0	c54ce9a2-7ff8-4d4b-a031-c54ae0a51a0b	NULL	0	0	0	NULL
538	Buhabwa	NULL	NULL	0	c92bdbc3-c57d-49ac-a054-82f20f387ef7	NULL	0	0	0	NULL
870	BUKOMEYE (MUKURA)	NULL	NULL	0	e753fc94-5453-44aa-b494-b46416c56288	NULL	0	0	0	NULL
62	Bukora	NULL	NULL	0	211832ca-75dc-4173-84ac-d047bfc9758e	NULL	0	0	1	2026-07-24 00:00:00
566	Bukora MU	NULL	NULL	0	3975bf24-ffe4-48e1-8157-a1bff1ac6fc6	NULL	0	0	0	NULL
457	Bumbogo (ex-Gikomero I)	NULL	NULL	1	a21962f3-798a-4d68-ae67-2ca870b91970	NULL	0	0	0	NULL
127	Bungwe (BURERA)	NULL	NULL	0	d8046a12-f1ec-4516-871d-e572ad89dccc	NULL	0	0	0	NULL
763	Bungwe (NGORORERO)	NULL	NULL	0	5ca7eccb-a913-4e73-9473-5b1e4cf724a6	NULL	0	0	1	2024-07-19 00:00:00
629	Bungwe MU	NULL	NULL	0	b6ffccdf-9050-4efb-a3fc-c5f22d599194	NULL	0	0	0	NULL
373	Buramba	NULL	NULL	0	360e2fb7-7312-407e-a29f-3d492a0ea8f8	NULL	0	0	1	2025-11-21 00:00:00
911	Buramba MU	NULL	NULL	0	dc62e9ac-45cc-400b-817f-872fa7ac02da	NULL	0	0	0	NULL
638	Burera DP	NULL	NULL	0	cd06375f-7659-41d3-954b-5645a033fe7b	NULL	0	0	2	2025-03-12 00:00:00
475	Busanza	NULL	NULL	0	f40ca7dd-94fc-48c4-898c-3e2f31323a34	NULL	0	0	1	2023-12-16 00:00:00
1078	Busanza MU	NULL	NULL	0	dbc3c884-58c4-4ca2-a8fa-4cdae9a27057	NULL	0	0	0	NULL
285	Busasamana	NULL	NULL	0	2097fcbe-9ec7-4d4c-8d6e-eb19b5f6c49e	NULL	0	0	0	NULL
817	Busasamana MU	NULL	NULL	0	db377093-1d1e-42cd-a684-c60524a10ee7	NULL	0	0	0	NULL
145	Busengo	NULL	NULL	0	d40a8e76-7bb0-469d-beb5-5497f24a978d	NULL	0	0	4	2025-10-30 00:00:00
658	Busengo MU	NULL	NULL	0	bf495d5b-ff4b-4859-a835-e0cd9dd53a46	NULL	0	0	0	NULL
169	Bushara	NULL	NULL	0	1f82840b-6961-441e-93be-46404ff7fd1d	NULL	0	0	0	NULL
683	Bushara MU	NULL	NULL	0	03c71281-ce75-45a9-bfba-a90e3f94c818	NULL	0	0	0	NULL
264	Bushenge	NULL	NULL	0	30f4fec9-06d3-414b-8ccc-8df59ceac650	NULL	0	0	0	NULL
273	Bushenge HD	NULL	NULL	0	719fd56b-c921-41eb-bc76-890e0b02a8d3	NULL	0	0	81	2019-04-09 00:00:00
808	Bushenge MU	NULL	NULL	0	6168bd22-20a0-47e1-b3b6-d7bb8e68b29f	NULL	0	0	0	NULL
146	Bushoka	NULL	NULL	0	b59d003c-a3f2-44be-9e22-13b3567f9bc3	NULL	0	0	0	NULL
665	Bushoka MU	NULL	NULL	0	e5adbdbf-3ef1-4a99-89fa-12034fc6bcab	NULL	0	0	1	2024-12-15 00:00:00
183	Busogo	NULL	NULL	0	b05c1789-357c-4ca8-bca4-c6282cc1dd69	NULL	0	0	10	2026-06-17 00:00:00
708	Busogo MU	NULL	NULL	0	21f0657a-cd60-42c9-b030-f447b2f1cd5a	NULL	0	0	1	2025-05-08 00:00:00
408	Busoro	NULL	NULL	0	a63c9bc6-3c9e-46b8-9890-efff660228a0	NULL	0	0	8	2026-07-29 00:00:00
950	Busoro MU	NULL	NULL	0	7b472d46-f32c-4160-bdc6-098f3ff327d4	NULL	0	0	1	2025-12-30 00:00:00
350	Busoro-Gishamvu	NULL	NULL	0	ebbb9fcc-3a5f-4307-8344-54fa45339754	NULL	0	0	0	NULL
480	Butamwa	NULL	NULL	0	10c4a49e-1033-4cd4-bec5-6cfe293515ef	NULL	0	0	0	NULL
1098	Butamwa MU	NULL	NULL	0	65300f5f-867b-4be7-bb32-86e216d6c425	NULL	0	0	0	NULL
884	BUTARE CHU	NULL	NULL	0	1439eab5-9cef-4173-9f46-e37ae4a68255	NULL	0	0	0	NULL
128	Butaro	NULL	NULL	0	72aa8431-7cb5-4b83-a663-d2e34e86f483	NULL	0	0	1	2025-03-11 00:00:00
129	Butaro HD	NULL	NULL	0	5baf5f97-9d6a-49f8-9d0f-435a6503f5b1	NULL	0	0	2	2025-06-03 00:00:00
636	Butaro MU	NULL	NULL	0	92068206-431d-4ec2-b3ef-5f224e56f605	NULL	0	0	0	NULL
198	Buyoga	NULL	NULL	0	982de6ca-2d8d-4f15-a2c1-3252bb788fd8	NULL	0	0	0	NULL
720	Buyoga MU	NULL	NULL	0	17e6ffc5-dd92-4bee-8357-98d84df277c2	NULL	0	0	0	NULL
300	Bweyeye	NULL	NULL	0	8b6d0986-6524-4da2-8cb1-b23feb9b6795	NULL	0	0	0	NULL
836	Bweyeye MU	NULL	NULL	0	aa80b8c6-c058-4070-a9e0-3d38979b31c9	NULL	0	0	0	NULL
171	Bwisige	NULL	NULL	0	d26d4975-c005-43ee-85cf-5d6b9841eabe	NULL	0	0	0	NULL
674	Bwisige MU	NULL	NULL	0	c4a4a064-0075-44b6-9bcc-87d38420e0bd	NULL	0	0	0	NULL
286	Byahi	NULL	NULL	0	585dae0d-52ee-4dfe-9565-3db82e69cc89	NULL	0	0	1	2025-03-05 00:00:00
821	Byahi MU	NULL	NULL	0	85b80095-bd17-4e96-8fe8-28b13e0297cf	NULL	0	0	0	NULL
437	Byimana	NULL	NULL	0	4a92d8e4-5367-4877-baf9-b3cdf3c98d7c	NULL	0	0	0	NULL
982	Byimana MU	NULL	NULL	0	70e4f667-5ff7-4ec4-bb0e-d2dc5e42752d	NULL	0	0	0	NULL
172	Byumba	NULL	NULL	0	ea90e1cc-dd57-4619-9e60-f45303a0c1dc	NULL	0	0	1	2024-01-02 00:00:00
691	Byumba Dispensaire MU	NULL	NULL	0	6b9d0aa4-56f5-494a-b9a4-a87599447624	NULL	0	0	0	NULL
173	Byumba HD	NULL	NULL	0	7592939c-ef6f-4a4b-a00d-4858588fafb5	NULL	0	0	2	2012-03-08 00:00:00
1126	Cabinet Médical Pediatr	NULL	NULL	0	d1d38688-7c37-4e70-9b29-45b5aa287b6e	NULL	0	0	0	NULL
1129	Cabinet Médical Soins pour tous	NULL	NULL	0	5dc3deef-1110-4878-a171-c196b98adbe4	NULL	0	0	0	NULL
156	Camp Gihembe	NULL	NULL	0	ba77317e-d5a1-45a8-a904-1b56ebd8473f	NULL	0	0	0	NULL
18	Camp Nyabiheke	NULL	NULL	0	fe35d997-1a2b-4bc4-81c7-09ec4d7c62ea	NULL	0	0	0	NULL
997	CARAES Ndera	NULL	NULL	0	a606acd5-b457-44b4-b312-4c022870dab4	NULL	0	0	0	NULL
491	Centre Médical BAHO	NULL	NULL	0	809ac152-2474-440b-b9f0-b73ea88d73f9	NULL	0	0	0	NULL
490	Centre Médical BNR	NULL	NULL	0	a7a13217-4cf7-45f6-b3f6-f32dfd2d352d	NULL	0	0	0	NULL
489	Centre Médical Chinois	NULL	NULL	0	0f0fdbe6-66a5-4519-8c58-cc7a3d213744	NULL	0	0	0	NULL
467	Centre Médical Orkide	NULL	NULL	0	9e83c579-4d84-4942-9924-dbb03ca743bb	NULL	0	0	0	NULL
468	Centre Médical SOS	NULL	NULL	0	8bd1155a-d9b4-47a6-8d3d-8854d93043ad	NULL	0	0	0	NULL
1089	CHK/CHUK	NULL	NULL	0	9295fa64-b311-40ab-850b-715962ad7971	NULL	0	0	3	2026-07-22 15:32:32
308	Cimerwa	NULL	NULL	0	5fc8b229-b301-4f54-98d4-70422b24165e	NULL	0	0	0	NULL
1027	Clin ADA	NULL	NULL	0	e95d2c5c-b084-4c99-ac68-f03aab4991d7	NULL	0	0	0	NULL
1057	Clin Apade	NULL	NULL	0	660eb029-95bc-4492-a9f9-616627c84031	NULL	0	0	0	NULL
1128	Clin Chinoise	NULL	NULL	0	e5df1315-8bb8-4a06-b5ec-c5e7ea8ac8f7	NULL	0	0	0	NULL
992	Clin Croix du Sud	NULL	NULL	0	1b7d97af-ea2a-4240-8e85-10ea9e8d4b84	NULL	0	0	0	NULL
1127	Clin dentaire Wiringiri	NULL	NULL	0	903d4e29-599a-489d-9ce3-c68001f5cb49	NULL	0	0	0	NULL
1015	Clin Doctor's Plaza	NULL	NULL	0	f8acb01e-1ba2-4575-a89e-65f27b2cdb77	NULL	0	0	0	NULL
1045	Clin Don de Dieu	NULL	NULL	0	4b691377-97bb-48e0-9c2c-0dfd3f8daa48	NULL	0	0	0	NULL
1125	Clin du Bien Naitre	NULL	NULL	0	90d6f022-7d01-4063-aafd-6e0bc1ee8253	NULL	0	0	0	NULL
1014	Clin Good Hope	NULL	NULL	0	49d250a8-7ad4-46ec-9a4c-43834bd3f37d	NULL	0	0	0	NULL
1124	Clin Imboni	NULL	NULL	0	d62b5fb8-1171-44f4-85fb-56b5ef23485f	NULL	0	0	0	NULL
1013	Clin Iramiro	NULL	NULL	0	fe19b82a-0d5b-42f3-9744-8e02a8dfe519	NULL	0	0	0	NULL
1123	Clin la Médicale (Kwa Kanimba)	NULL	NULL	0	e586fa93-ebf9-4c38-8601-309e1d0099ac	NULL	0	0	0	NULL
1034	Clin La Triade	NULL	NULL	0	7108468e-9eb0-4d95-b00f-3e1c13d165ea	NULL	0	0	0	NULL
1111	Clin le bon samaritain	NULL	NULL	0	6a309f16-6df4-419e-ba61-f4cbb34669dc	NULL	0	0	0	NULL
1046	Clin Med Hosta	NULL	NULL	1	060ffaa8-ab42-436b-a67e-e1476a523bbb	NULL	0	0	0	NULL
1130	Clin Med Isango	NULL	NULL	0	11154009-5592-4922-b1bf-f371290bf7f8	NULL	0	0	0	NULL
1119	Clin Med. Ihumure	NULL	NULL	0	9771165f-1e41-4b63-a987-ca93abc657b6	NULL	0	0	0	NULL
1012	Clin Médical La Fraternité	NULL	NULL	0	6a2b749f-cdf3-4b48-9985-cdf693d0bb10	NULL	0	0	0	NULL
1047	Clin Médicale St Ange	NULL	NULL	0	b26dd7f4-f069-41cf-ae82-ab22680a53d8	NULL	0	0	0	NULL
1117	Clin Medico Sociale	NULL	NULL	0	b2522e6a-2bb7-4d13-a406-77681609bc08	NULL	0	0	0	NULL
1010	Clin Mère du verbe	NULL	NULL	0	9a20e5f4-95b2-4d28-86f6-afee60f88e15	NULL	0	0	0	NULL
1009	Clin Mpore - Liberte	NULL	NULL	0	ba539866-5a04-4d01-8739-f633e6c4286e	NULL	0	0	0	NULL
1008	Clin Polyfame	NULL	NULL	0	309ac47b-4f5a-4ca7-b7f5-c9aceb57e0e9	NULL	0	0	0	NULL
1007	Clin Solamer	NULL	NULL	0	0bae8983-c331-4d14-8a27-449424959a8d	NULL	0	0	0	NULL
1048	Clin St Moise	NULL	NULL	0	4e53aead-bd61-4fbe-98f8-fa82ac1d0b98	NULL	0	0	0	NULL
1038	Clin St Rita	NULL	NULL	0	0f9552e2-56fa-4a5b-97f2-b5440804f685	NULL	0	0	0	NULL
1082	Clinique Carrefour	NULL	NULL	0	99bfd22e-d108-4b98-8ec9-fcc902c2e610	NULL	0	0	0	NULL
1102	Clinique de plateau	NULL	NULL	0	32d017ae-f5f5-49a3-98b5-63816946b74e	NULL	0	0	0	NULL
1143	Clinique Medicale	NULL	NULL	0	1064edd4-ad33-40dc-93ab-237343188e4b	NULL	0	0	0	NULL
1145	CMedicoSocial	NULL	NULL	0	b5176571-60b1-4f68-83c9-3c224e1227a6	NULL	0	0	0	NULL
430	Coko	NULL	NULL	0	a9c53c28-a8e3-45de-bc2b-96bfbf9ca9ed	NULL	0	0	2	2025-03-12 00:00:00
147	Coko (Ruli)	NULL	NULL	0	0f9fd4ac-a21c-427a-8772-be99725191f0	NULL	0	0	0	NULL
667	Coko MU [Gakenke]	NULL	NULL	0	19c4f9c6-6d72-4511-a5aa-2466cfa94d41	NULL	0	0	0	NULL
961	Coko MU [Nyaruguru]	NULL	NULL	0	923cd194-fe82-4779-adeb-036e97013a8e	NULL	0	0	0	NULL
845	Congo-Nil MU	NULL	NULL	0	cc7b80fa-2c12-4657-8c32-c6586d705cef	NULL	0	0	0	NULL
1086	Cor Unum MSC MU	NULL	NULL	0	eaaa1f7f-530e-49ee-b6ba-9a4afbd02286	NULL	0	0	0	NULL
479	Cor-Unum	NULL	NULL	0	1163f2b9-08b0-4333-8e60-6a6fadc91f4f	NULL	0	0	0	NULL
313	Crete Congo Nil	NULL	NULL	0	a2248699-2329-4e69-8425-5ea4fd95110f	NULL	0	0	0	NULL
351	CUSP Butare	NULL	NULL	0	926bf917-b50a-40c3-b1c4-0f488331cede	NULL	0	0	0	NULL
880	CUSP MU	NULL	NULL	0	49273a64-1028-49e4-a9d0-bd97eb6603df	NULL	0	0	0	NULL
87	Cyabayaga	NULL	NULL	0	a66a9dc2-79c5-42ac-8ac7-3bf647b6030a	NULL	0	0	2	2014-10-30 00:00:00
588	Cyabayaga MU	NULL	NULL	0	fadea390-e9df-404c-8648-9584b8aa8f87	NULL	0	0	0	NULL
152	Cyabingo	NULL	NULL	0	07b163bc-fd16-4141-b324-23cf684e37d1	NULL	0	0	1	2025-02-04 00:00:00
653	Cyabingo MU	NULL	NULL	0	50cf4612-2346-4d24-9bd7-67ae85593b3c	NULL	0	0	0	NULL
429	Cyahinda	NULL	NULL	0	d893c0ba-88cd-4017-987c-26058b0cf9a6	NULL	0	0	0	NULL
963	Cyahinda MU	NULL	NULL	0	12777b1c-5984-474c-af28-33bdd9bb9b5a	NULL	0	0	0	NULL
117	Cyanika (BURERA)	NULL	NULL	0	9e75d7fa-b277-4398-9ce7-434e5402e5cc	NULL	0	0	4	2024-02-27 00:00:00
400	Cyanika (NYAMAGABE)	NULL	NULL	0	8925ef5b-ed35-4d11-8d99-e4580538256a	NULL	0	0	0	NULL
637	Cyanika MU [Burera]	NULL	NULL	0	7640090d-b46f-43ba-970f-bc5d16f8c3f8	NULL	0	0	1	2023-01-31 00:00:00
921	Cyanika MU [Nyamagabe]	NULL	NULL	0	f8ef77a3-4d24-448a-8330-ac379ea46b99	NULL	0	0	0	NULL
407	Cyaratsi	NULL	NULL	0	b14ea0ba-747d-4191-9652-3bcd39819265	NULL	0	0	0	NULL
949	Cyaratsi MU	NULL	NULL	0	412c0183-dc1d-4b6f-9952-9b89b27f4cd2	NULL	0	0	0	NULL
51	Cyarubare	NULL	NULL	0	55e7e772-f7e2-4296-9bac-7e8a44a770b5	NULL	0	0	23	2025-05-26 00:00:00
529	Cyarubare MU	NULL	NULL	0	19244e11-485f-4213-b5a6-60b47c9f32c6	NULL	0	0	8	2025-02-17 00:00:00
368	Cyeru	NULL	NULL	0	86f7a451-b15c-4ce0-b43c-408c7ea35e12	NULL	0	0	0	NULL
899	Cyeru MU	NULL	NULL	0	b1068c3d-c53c-4000-b85e-09a1b6a05788	NULL	0	0	0	NULL
327	Cyimbili	NULL	NULL	0	2a0a7d12-f5fe-4cf4-a54a-832b481d9028	NULL	0	0	0	NULL
842	Cyimbiri MU	NULL	NULL	0	d74ce442-fd13-4f6a-869a-fae76c453700	NULL	0	0	0	NULL
88	Cyondo	NULL	NULL	0	a72ce965-5d3e-4c79-a030-d9d420c123fc	NULL	0	0	0	NULL
586	Cyondo MU	NULL	NULL	0	b11d2c02-e212-400b-b8a9-012af5cf94c3	NULL	0	0	0	NULL
1097	Disp - labo des Nations Unies	NULL	NULL	0	a2ae3df4-e80f-4eab-aaf1-8cf425b7ba97	NULL	0	0	0	NULL
1096	Disp A La Source	NULL	NULL	0	95dbe847-5854-4caa-8e4a-04f6357c3568	NULL	0	0	0	NULL
990	Disp Afak	NULL	NULL	1	2636a3fc-3d25-4a58-83c4-b1dfdf853f21	NULL	0	0	0	NULL
1095	Disp Afya	NULL	NULL	0	98fa71d8-de9d-4c0e-84f9-0a8802f84ec4	NULL	0	0	0	NULL
1094	Disp Amitie	NULL	NULL	0	ca2f0a0e-08ae-4a18-8962-596db087d0e8	NULL	0	0	0	NULL
1093	Disp Amizeri Iwacu	NULL	NULL	0	581cc9a2-17d1-4ac5-917f-8ad14f11ca8a	NULL	0	0	0	NULL
1000	Disp Amizero (Kacyiru)	NULL	NULL	0	89344cf2-1d25-469c-a3e6-3dbcd8ff4bb6	NULL	0	0	0	NULL
1083	Disp Amizero (Nyarugunga)	NULL	NULL	0	494f3e97-5964-4bca-b470-6406cb7dffca	NULL	0	0	0	NULL
1091	Disp Aurore (Kimisagara)	NULL	NULL	0	5758f25e-4356-4eba-840a-4dc204894ac4	NULL	0	0	0	NULL
1088	Disp Aurore (Nyamirambo)	NULL	NULL	0	d7de118d-47ac-4e05-be93-c8182630aada	NULL	0	0	0	NULL
1153	DISP CAMERWA	NULL	NULL	0	2860a643-6306-49c0-a2d0-32d494ac53be	NULL	0	0	0	NULL
1087	Disp Centre Cult Islamique	NULL	NULL	0	cd4b1b9e-b379-4aff-ab02-f8f4160b68d3	NULL	0	0	0	NULL
1062	Disp Consolee	NULL	NULL	1	5faf47b9-64cf-4f2a-848f-5e4a7875ede8	NULL	0	0	0	NULL
1063	Disp de Gatenga	NULL	NULL	0	4265f1e6-5999-4cfc-907f-aeb2969f89ef	NULL	0	0	0	NULL
1105	Disp Don de Dieu	NULL	NULL	0	2c4b7c09-609b-4140-adea-d5f64d9fe71d	NULL	0	0	0	NULL
1090	Disp Dufatanye	NULL	NULL	0	65752fde-45d8-4946-adaa-cf54bc08f058	NULL	0	0	0	NULL
1005	Disp Dutabarane	NULL	NULL	0	7fa5b5e4-8fd0-4930-beaf-d6afae50600c	NULL	0	0	0	NULL
1092	Disp Gira Ubuntu	NULL	NULL	1	2059e6ce-034f-4e57-abb0-3ad64d6e86af	NULL	0	0	0	NULL
1064	Disp Giraneza	NULL	NULL	0	eac51cec-5e2e-46e3-a994-ece97adf4573	NULL	0	0	0	NULL
1109	Disp Girimpundu	NULL	NULL	0	93b6d701-d8a4-476d-acbe-b745a5b73d9a	NULL	0	0	0	NULL
1065	Disp Girubuzima (Kicukiro)	NULL	NULL	0	96b6c86c-8c7e-4a88-b867-26bdd9fcb611	NULL	0	0	0	NULL
1084	Disp Girubuzima (Nyarugenge)	NULL	NULL	0	70f84967-57bd-4d32-bb3f-03ffd591d0f0	NULL	0	0	0	NULL
993	Disp Girumpuhwe	NULL	NULL	0	046c538a-1461-49be-aed7-02d4c1869d93	NULL	0	0	0	NULL
1066	Disp Hirwa (Kicukiro)	NULL	NULL	1	79e72c7f-e5bb-4ca9-8f64-a4aefd7be4e2	NULL	0	0	0	NULL
1106	Disp Hirwa (Nyarugenge)	NULL	NULL	0	d7a080bc-2f8d-4da1-955e-1325fb8dfa61	NULL	0	0	0	NULL
1067	Disp Ibambe	NULL	NULL	1	43a90495-c847-4bbe-9c1f-db7776528492	NULL	0	0	0	NULL
1001	Disp Ibn Sina	NULL	NULL	0	63640ca7-2122-4eb1-9254-341e9ef92c31	NULL	0	0	0	NULL
1110	Disp Ihumure	NULL	NULL	0	af6f98e7-e251-4fe6-90a9-dd767166a147	NULL	0	0	0	NULL
999	Disp Imanzi	NULL	NULL	0	80a5de1c-9292-4dc7-897f-dfd8bf6e6112	NULL	0	0	0	NULL
1069	Disp Impuhwe (Gatenga)	NULL	NULL	0	f1dcb41e-2765-43dc-8f93-64a4cd3c3189	NULL	0	0	0	NULL
1068	Disp Impuhwe (Kicukiro)	NULL	NULL	0	6d11f41f-4666-4da4-adf9-b7b3dfb0bab8	NULL	0	0	0	NULL
1103	Disp Inshuti	NULL	NULL	0	dca21e66-0841-4978-ae76-b5abe7509729	NULL	0	0	0	NULL
998	Disp Isangano Clin	NULL	NULL	0	0414fdbc-2ee1-4095-8121-a66e984e93e3	NULL	0	0	0	NULL
1070	Disp Ituze (Kicukiro)	NULL	NULL	0	a40133f9-ae49-43d6-a925-e0da740dc2a4	NULL	0	0	0	NULL
1101	Disp Ituze (Nyarugenge)	NULL	NULL	0	ff1c15bf-7aa7-45eb-8c70-f7ee67289b3e	NULL	0	0	0	NULL
996	Disp Izere (Gasabo)	NULL	NULL	0	5a0e0471-500b-42cd-a6cf-86ef996f4ff4	NULL	0	0	0	NULL
1071	Disp Izere (Kicukiro)	NULL	NULL	0	28834f4c-626a-4f73-980f-263063711676	NULL	0	0	0	NULL
995	Disp Karimba	NULL	NULL	0	3a5910f7-b9da-48ff-b804-3ed1f762880f	NULL	0	0	0	NULL
1100	Disp King Power	NULL	NULL	0	2bea3595-1b61-4a78-a985-0eec8a687903	NULL	0	0	0	NULL
994	Disp Kira	NULL	NULL	0	d8013d19-dc82-4afb-b608-c0f0c393cc0b	NULL	0	0	0	NULL
1018	Disp Kiza	NULL	NULL	0	c6ac2f01-0e9e-49ad-b9cb-b0319990900c	NULL	0	0	0	NULL
1049	Disp Komera	NULL	NULL	1	51d23ae6-0f6e-400e-a1e7-b3b9cf1fc9ab	NULL	0	0	0	NULL
1050	Disp Kwizera	NULL	NULL	0	331ff0a6-9d2a-41fe-b437-5fdd2e14cb29	NULL	0	0	0	NULL
1113	Disp La Bonne Santé	NULL	NULL	0	49b3b3ab-ced4-4e9d-bba3-fcacb5a602e7	NULL	0	0	0	NULL
1112	Disp La Charité	NULL	NULL	0	3d64e884-6491-4046-929a-ba68ad5a7cd6	NULL	0	0	0	NULL
1051	Disp La Divine	NULL	NULL	0	902ef72b-5f42-4617-be98-d38fb80b9f35	NULL	0	0	0	NULL
1017	Disp la fraternite	NULL	NULL	0	d5a4ec5a-f229-447f-885d-1ecb197df4f2	NULL	0	0	0	NULL
1041	Disp La Valee	NULL	NULL	0	005dd178-7a0e-46dc-ba56-fbadc8456746	NULL	0	0	0	NULL
1140	Disp Mizero	NULL	NULL	0	7ba82379-1bd5-4a41-a8d5-547384208e41	NULL	0	0	0	NULL
1039	Disp Murakamaho	NULL	NULL	0	7d0357e8-87d3-4e6a-9e82-f3a4ca8bc8a0	NULL	0	0	0	NULL
1052	Disp Muvandimwe	NULL	NULL	0	079bb4e7-47fd-49e6-85b3-6772ba8441f9	NULL	0	0	0	NULL
1053	Disp Nziza	NULL	NULL	0	3744f13d-983a-4abb-aa24-0a5ec2d11b83	NULL	0	0	0	NULL
1042	Disp Omega	NULL	NULL	0	3a7f3266-09c8-4e2d-9e26-72c872f1d5e6	NULL	0	0	0	NULL
1122	Disp Onatracom	NULL	NULL	0	cba425d5-08b4-4023-9eaf-677007d3b372	NULL	0	0	0	NULL
1150	Disp pr Muhima	NULL	NULL	0	37714ac7-e511-4173-8e75-f73555bc210d	NULL	0	0	0	NULL
1154	DISP Projet San Francisco	NULL	NULL	0	e64dd898-4ba8-48b0-b7ee-245fab15ce6a	NULL	0	0	1	2019-08-16 00:00:00
1037	Disp Ramuka	NULL	NULL	0	15c6a4c1-315f-4bf7-981e-c6f828734625	NULL	0	0	0	NULL
1054	Disp Ruhuka	NULL	NULL	1	5a4567c6-d9d3-4858-aa0e-44f098b4f26a	NULL	0	0	0	NULL
1148	Disp SAD	NULL	NULL	0	bb652daa-c645-44c0-9d15-3d20cedeacd8	NULL	0	0	0	NULL
1055	Disp Sanganirwa	NULL	NULL	0	73a7ab4b-2a3d-411c-856c-0926acacacf2	NULL	0	0	0	NULL
1056	Disp Sangwa	NULL	NULL	1	c38c9c35-c0f9-4ddc-817c-e47d6c4e9508	NULL	0	0	0	NULL
1036	Disp Sangwa	NULL	NULL	0	9ea22661-dfb3-484a-a1e9-4b597c99f894	NULL	0	0	0	NULL
1059	Disp St Cecile	NULL	NULL	0	0769d149-47f6-460d-afb6-eba2d674aa02	NULL	0	0	0	NULL
1132	Disp St Joseph	NULL	NULL	0	fe55facd-de7f-40d8-92e3-24cb239d45a7	NULL	0	0	0	NULL
1072	Disp St Pierre	NULL	NULL	0	08df8089-2089-4f65-b706-fb4ef0aa4c5b	NULL	0	0	0	NULL
1058	Disp St Sauveur	NULL	NULL	1	516c8dd3-79d0-4819-926a-183d9a872e0b	NULL	0	0	0	NULL
1044	Disp Sugira (Kicukiro)	NULL	NULL	1	74f67cca-5652-4e35-a2de-16f04b3ab300	NULL	0	0	0	NULL
1035	Disp Sugira (Nyarugenge)	NULL	NULL	0	09a70593-d439-4019-8455-212e52cfe8ab	NULL	0	0	0	NULL
1141	Disp Sulfo	NULL	NULL	0	a646b0d6-6c0f-42c6-b4b7-a98c5392f81e	NULL	0	0	0	NULL
1002	Disp Tuyizere	NULL	NULL	0	6bb5df73-e756-4a1d-91c7-8c13f1f171e9	NULL	0	0	0	NULL
1060	Disp Ubuzima (Gikondo)	NULL	NULL	0	589438df-f68b-4f67-987d-c02c44d5f8e6	NULL	0	0	0	NULL
1061	Disp Ubuzima (Kicukiro)	NULL	NULL	1	cfdf9b81-35e4-4885-95c7-ced58cbf86dd	NULL	0	0	0	NULL
1033	Disp Ubuzima Bwiza	NULL	NULL	0	0ec31e62-d261-42f0-b002-d1ec46d2ce70	NULL	0	0	0	NULL
1016	Disp Umucyo	NULL	NULL	0	d2da8320-90d3-4d01-88a4-e5a3cecac808	NULL	0	0	0	NULL
1152	Disp Umurinzi	NULL	NULL	0	fbf44d0f-85c3-4253-92e1-29fc3b3fc1af	NULL	0	0	0	NULL
1139	Disp Umushumba Mwiza	NULL	NULL	0	25a9f6ec-7df9-4b3e-a89c-417990f8ac61	NULL	0	0	0	NULL
1032	Disp Urame	NULL	NULL	0	5e064e23-7f40-46f7-bbb6-22e3d786305e	NULL	0	0	0	NULL
1155	DISP WE-ACTx	NULL	NULL	1	b6ec961c-e95c-469e-b9f6-386bd59f87dd	NULL	0	0	0	NULL
624	DUFASHANYE	NULL	NULL	0	90686592-2515-410d-86ae-eb3e5eaf5f20	NULL	0	0	0	NULL
1157	Emergency	245	Shyira HD	0	9f5e452a-d323-11ea-98a0-3c6aa7c392cc	Admission Location, Emergency, Internal Medecine Location, Login Location, Transfer Location	0	0	7257	2026-07-29 21:29:49
1138	Faith Clinic	NULL	NULL	0	c5c53b0c-1be0-43b1-ba53-f6af701e7f4f	NULL	0	0	0	NULL
1180	Fammily Planing Location	245	Shyira HD	0	8da6d9ee-8a1e-419e-869a-09e09c7e77ad	Fammily Planing Tag, Login Location, Radiology Location	0	0	11	2026-07-22 23:48:44
1168	Finance Services	245	Shyira HD	0	16d028d7-f74e-42f7-8bf1-425ed3a2c4c1	Billing Location, Login Location	0	0	11572	2026-07-30 04:13:28
617	Fumbwe	NULL	NULL	0	cf0705e2-88f9-4ece-9fe0-4482400563a4	NULL	0	0	0	NULL
287	Gacuba II	NULL	NULL	0	1c3691a3-568b-4478-83a9-0597ef27eb81	NULL	0	0	2	2025-04-01 00:00:00
818	Gacuba II MU	NULL	NULL	0	6781958e-ded6-4e12-88d1-2b69083e6ddc	NULL	0	0	0	NULL
894	GACURABWENGE	NULL	NULL	0	046aaa37-7741-494a-88d7-a435db395001	NULL	0	0	0	NULL
888	Gacurabwenge MU	NULL	NULL	0	de8b6dc3-0f45-46e5-b3d8-21d2ecdd43ed	NULL	0	0	0	NULL
474	Gahanga	NULL	NULL	0	3fe1dfc9-3c2e-42a8-865e-e5757c48ecbe	NULL	0	0	1	2022-11-18 00:00:00
1081	Gahanga MU	NULL	NULL	0	d5adec72-1136-46a3-a1f5-06bbe983cfd0	NULL	0	0	1	2023-12-28 00:00:00
63	Gahara	NULL	NULL	0	770f1d1f-1648-43de-a09f-2e55c102db1b	NULL	0	0	2	2025-07-11 00:00:00
557	Gahara MU	NULL	NULL	0	98dce4bc-6e60-48ef-b7f6-6687c73bb71e	NULL	0	0	0	NULL
116	Gahengeri	NULL	NULL	0	4285ea23-71c8-498b-a652-15de199c7dc0	NULL	0	0	0	NULL
55	Gahini	NULL	NULL	0	824fdc14-b119-425b-928d-52adbdfe5c3c	NULL	0	0	2	2017-03-07 00:00:00
54	Gahini HD	NULL	NULL	0	20340327-5d88-42ca-97cb-7f680343f875	NULL	0	0	0	NULL
537	Gahini MU	NULL	NULL	0	c0bf11ff-ca57-4785-9bb6-2a053bd21624	NULL	0	0	0	NULL
417	Gahombo	NULL	NULL	0	6cc3722c-7527-4a9f-930e-d504acda202e	NULL	0	0	0	NULL
951	Gahombo MU	NULL	NULL	0	ee9bbf9b-9fab-4bef-82d6-6d02f991eee4	NULL	0	0	0	NULL
120	Gahunga	NULL	NULL	0	5836f976-06ba-474b-a66e-16ac04aa1adb	NULL	0	0	13	2025-11-26 00:00:00
635	Gahunga MU	NULL	NULL	0	5a5f3f29-8e09-4d22-b87a-60294e56572f	NULL	0	0	0	NULL
252	Gakamba	NULL	NULL	0	20f7929f-a93e-4398-a1b9-cf101f00613c	NULL	0	0	0	NULL
775	Gakamba MU	NULL	NULL	0	61376a64-91dd-424d-862b-a9db16f9575a	NULL	0	0	0	NULL
35	Gakenke	NULL	NULL	0	11871102-69f1-4a74-847a-ae58468e4107	NULL	0	0	5	2026-07-21 00:00:00
668	Gakenke DP	NULL	NULL	0	0fb18fc8-46ac-4616-a315-e59a9ff52ae8	NULL	0	0	0	NULL
516	Gakenke MU	NULL	NULL	0	706cb34d-1ec0-4100-89d0-db7554bfc59c	NULL	0	0	0	NULL
330	Gakoma	NULL	NULL	0	b76f9327-1135-4137-9749-da5422b60df3	NULL	0	0	0	NULL
331	Gakoma HD	NULL	NULL	0	4734d6cb-adb6-4b9c-84de-7f30af7a524a	NULL	0	0	0	NULL
867	Gakoma MU	NULL	NULL	0	d15fca21-d0fd-48b8-9d30-ad4c8d47dbaa	NULL	0	0	0	NULL
3	Gakurazo	NULL	NULL	0	d8e85023-12b5-4fb1-b871-4ee390bd51b8	NULL	0	0	0	NULL
500	Gakurazo MU	NULL	NULL	0	6445e007-ade6-4976-b93c-41185075c095	NULL	0	0	0	NULL
1021	Gasabo DP	NULL	NULL	0	10e124e6-89dc-419d-b22c-eadd3424c6e6	NULL	0	0	1	2022-09-16 00:00:00
374	Gasagara (ex-Birehe)	NULL	NULL	0	8604d774-485d-4bc4-b9c9-8f600c9fdc7e	NULL	0	0	23	2025-09-13 00:00:00
695	Gasakuza	NULL	NULL	0	39bd6a16-2199-4aff-a7d8-a52ae6104099	NULL	0	0	0	NULL
34	Gasange	NULL	NULL	0	64084893-e033-472a-87ce-4e3d40814e50	NULL	0	0	1	2023-09-22 00:00:00
517	Gasange MU	NULL	NULL	0	dac59070-a134-48a7-ae5b-4d455b341640	NULL	0	0	0	NULL
177	GASHAKI	NULL	NULL	0	66e19c71-487a-427d-a415-47de73fdb94c	NULL	0	0	3	2025-03-09 00:00:00
64	Gashongora	NULL	NULL	0	17ceca7c-5c4b-43d2-bc00-36930d997f8c	NULL	0	0	0	NULL
563	Gashongora MU	NULL	NULL	0	5f1f67ed-c6b6-4700-8166-fe2d9369c6c2	NULL	0	0	0	NULL
754	Gashonyi	NULL	NULL	0	c53b1a39-3c61-4e27-9ef0-5326bbd71ec9	NULL	0	0	486	2026-07-29 00:00:00
11	Gashora	NULL	NULL	0	455d272e-6946-48f9-94e4-032b64d524de	NULL	0	0	0	NULL
497	Gashora MU	NULL	NULL	0	a2364499-3123-4f41-b7be-bd6c2c8d3c55	NULL	0	0	0	NULL
235	Gashubi	NULL	NULL	0	93649710-fb2a-4aa1-9db5-0e214065683b	NULL	0	0	0	NULL
757	Gashubi MU	NULL	NULL	0	cd3278bf-82bf-4a45-b6e2-72e94ac98bd8	NULL	0	0	0	NULL
184	Gasiza (MUSANZE)	NULL	NULL	0	3a95ad07-1449-4804-8d90-0d742f77684d	NULL	0	0	0	NULL
705	Gasiza (MUSANZE) MU	NULL	NULL	0	ae0c128e-3933-4e7f-9e4a-fcd120cd8096	NULL	0	0	0	NULL
753	Gasiza (NGORORERO)	NULL	NULL	0	d1d7cf4a-086a-4c69-9bb1-cf4c40a3bd11	NULL	0	0	0	NULL
372	Gasovu	NULL	NULL	0	3dafac4d-25ec-4176-8e03-59e2fbb8b5ae	NULL	0	0	0	NULL
916	Gasovu MU	NULL	NULL	0	dd9dd954-39a6-4eb7-b620-cfd3302351db	NULL	0	0	0	NULL
405	Gatagara (NYANZA)	NULL	NULL	0	046b0ebe-9e94-43e8-8f99-429779058e96	NULL	0	0	0	NULL
939	Gatagara MU	NULL	NULL	0	e9b7a8cf-ed39-4ca1-81ef-0520991550b9	NULL	0	0	1	2025-03-09 00:00:00
180	Gataraga (MUSANZE)	NULL	NULL	0	efafe33b-f828-4c16-b62c-e9cdd9f8d203	NULL	0	0	10	2026-02-17 00:00:00
219	Gatare (KARONGI)	NULL	NULL	0	405ca9b7-e7b5-4aea-a708-05a357a31137	NULL	0	0	0	NULL
262	Gatare (NYAMASHEKE)	NULL	NULL	0	80f18df1-3c5b-46f7-8dee-7490c6d8405e	NULL	0	0	0	NULL
741	Gatare MU [Karongi]	NULL	NULL	0	5dfe858e-69c2-43da-b9f4-389c4e6ac316	NULL	0	0	0	NULL
795	Gatare MU [Nyamasheke]	NULL	NULL	0	ee89cf4b-3abc-4040-b19d-e9b99a7f9f46	NULL	0	0	0	NULL
596	Gatebe	NULL	NULL	0	259f0057-0544-4daa-acbf-d11344bef1b9	NULL	0	0	0	NULL
148	Gatonde	NULL	NULL	0	01747629-2c50-484a-97dc-a296c998e0d2	NULL	0	0	125	2026-07-15 00:00:00
649	Gatonde MU	NULL	NULL	0	7864ddf0-29bb-40a9-a07e-8e4807cbd18f	NULL	0	0	45	2026-04-21 00:00:00
576	Gatseta	NULL	NULL	0	c882749c-552a-49ee-9c91-49cc98eda737	NULL	0	0	2	2026-01-21 00:00:00
17	Gatsibo	NULL	NULL	0	1f4fde47-bdfe-46d8-ae68-cb90040b4a0c	NULL	0	0	1	2025-02-25 00:00:00
525	Gatsibo DP	NULL	NULL	0	92608d36-9120-43c0-8449-e5563e986803	NULL	0	0	0	NULL
764	Gatumba	NULL	NULL	0	a3342241-5e61-41e6-8717-2068b5d7db5b	NULL	0	0	0	NULL
1177	GBV Department	245	Shyira HD	0	7e24ff58-43de-4b23-9d71-ec01c5a6b644	GBV Location, Internal Medecine Location, Login Location, Outpatient Location	0	0	59	2026-07-23 09:56:36
677	Gicumbi DP	NULL	NULL	0	4868bd3b-64f8-4221-887e-dc77e3a6df12	NULL	0	0	0	NULL
367	Gihara	NULL	NULL	0	e5a2814a-099e-4842-af0d-9be49adae4a4	NULL	0	0	1	2026-01-14 00:00:00
307	Giheke	NULL	NULL	0	2909d3b3-ebbe-4b23-9b6a-dd4d546188c6	NULL	0	0	0	NULL
10	Gihinga	NULL	NULL	0	ec098275-651d-4852-9603-aa0e1d88297f	NULL	0	0	0	NULL
496	Gihinga MU	NULL	NULL	0	81f39667-e44e-4581-8f08-b9b25073b1c7	NULL	0	0	0	NULL
450	Gihogwe	NULL	NULL	0	6faad582-8ae8-4ea5-bc8d-f63e38432b9f	NULL	0	0	2	2019-09-16 00:00:00
1023	Gihogwe MU	NULL	NULL	0	20b40bee-29b9-41d7-a1a4-04b6d76f37f6	NULL	0	0	0	NULL
304	Gihundwe	NULL	NULL	0	3e45d46e-79cb-4e3c-896e-9dbef93f8023	NULL	0	0	0	NULL
301	Gihundwe HP	NULL	NULL	0	04b30a94-4834-4354-a673-669772e39584	NULL	0	0	0	NULL
830	Gihundwe MU	NULL	NULL	0	763233ee-1bff-4814-bb8c-c46c03f3f29a	NULL	0	0	0	NULL
451	Gikomero	NULL	NULL	0	805eb1da-cbd4-4100-941a-cbc94125560c	NULL	0	0	0	NULL
469	Gikomero II	NULL	NULL	0	69c41cf6-a85c-42eb-b688-88ad4780b231	NULL	0	0	0	NULL
1019	Gikomero MU	NULL	NULL	0	a9e95238-05d1-4195-8786-559c97279e45	NULL	0	0	0	NULL
473	Gikondo	NULL	NULL	0	47972ca8-be9c-439a-beb0-1d50df0debb3	NULL	0	0	2	2017-10-26 00:00:00
1079	Gikondo MU	NULL	NULL	0	90b8edeb-2b87-45ca-bfaf-4d1781c4e1d2	NULL	0	0	0	NULL
332	Gikonko	NULL	NULL	0	f6740b49-7736-485c-bedb-ea064607c109	NULL	0	0	0	NULL
865	Gikonko MU	NULL	NULL	0	fcd83135-3f58-4bda-ab9b-cb80e2cd13ab	NULL	0	0	0	NULL
333	Gikore	NULL	NULL	0	dfc38402-e78d-4fbd-a340-6c3a021a3f50	NULL	0	0	0	NULL
856	Gikore MU	NULL	NULL	0	78ed980b-f155-4835-ba04-4a0d49689183	NULL	0	0	0	NULL
334	Gisagara	NULL	NULL	0	edcb1f63-432c-4839-9e58-994195aefbeb	NULL	0	0	0	NULL
942	Gisagara DP	NULL	NULL	0	2ec511d7-4161-4e5c-bb63-c71d041f6e2e	NULL	0	0	0	NULL
857	Gisagara MU	NULL	NULL	0	52322ccc-32ec-48ce-be34-c0b9fc29ec94	NULL	0	0	0	NULL
268	Gisakura	NULL	NULL	0	a36b928b-a11a-4bc1-8a45-cb4ce61a10fa	NULL	0	0	0	NULL
812	Gisakura MU	NULL	NULL	0	95fb40bb-4ad7-44ca-9bf5-2c1fc628c54a	NULL	0	0	0	NULL
288	Gisenyi	NULL	NULL	0	b525c297-1fdb-4691-84e8-d32a40aa83ab	NULL	0	0	8	2025-03-12 00:00:00
289	Gisenyi HD	NULL	NULL	0	8e97022b-0fe0-4034-b1d0-055b85b30681	NULL	0	0	68	2025-03-13 00:00:00
815	Gisenyi MU	NULL	NULL	0	79302de8-bceb-4ba2-8b10-a95c61c69ac4	NULL	0	0	1	2025-07-01 00:00:00
107	Gishari/ Police	NULL	NULL	0	ea8c34d8-45d8-4e46-9de6-22ad6a9d1a8a	NULL	0	0	0	NULL
625	Gishari/Police MU	NULL	NULL	0	38159549-ba6d-4900-b23a-4fee54a4c8d0	NULL	0	0	0	NULL
336	Gishubi	NULL	NULL	0	482fa84e-5e71-4ee4-b4f8-d15f96a41134	NULL	0	0	0	NULL
442	Gishweru	NULL	NULL	0	13d5204e-1d2a-442d-b844-99c1ec3cfef6	NULL	0	0	0	NULL
976	Gishweru MU	NULL	NULL	0	46bb2385-127a-4bb3-b73e-d998d8d5e371	NULL	0	0	0	NULL
174	Gisiza	NULL	NULL	0	8e35fb07-a3dc-4793-9354-f0d47eb14e12	NULL	0	0	0	NULL
670	Gisiza MU	NULL	NULL	0	10b9a8e3-6d35-4be4-89b2-9aa147ce497d	NULL	0	0	0	NULL
218	Gisovu	NULL	NULL	0	b4a35329-4b84-4271-a87e-b4e97bebaaba	NULL	0	0	0	NULL
730	Gisovu MU	NULL	NULL	0	96a3489c-f759-4753-b60e-56c0898bdd42	NULL	0	0	0	NULL
731	Gisunzu Police MU	NULL	NULL	0	bf79aba6-6afe-4577-a1db-96a6ce16c974	NULL	0	0	0	NULL
371	Gitarama	NULL	NULL	0	72d7ca4f-bb63-4a48-9d49-0c3a5f10b147	NULL	0	0	0	NULL
908	Gitarama MU	NULL	NULL	0	9a01c741-f2c5-4ab0-b60e-3806886b57a6	NULL	0	0	0	NULL
130	Gitare	NULL	NULL	0	0b0855d6-335f-4cf6-af0e-22903349f8e1	NULL	0	0	3	2025-03-24 00:00:00
634	Gitare MU	NULL	NULL	0	06cbaff3-2f86-4c17-9b4c-3f8d23577fd5	NULL	0	0	0	NULL
375	Gitega (MUHANGA)	NULL	NULL	0	2044c079-8492-4e72-8591-2b665a4cc929	NULL	0	0	3	2025-07-07 00:00:00
488	Gitega (NYARUGENGE)	NULL	NULL	0	ac1515bf-34b0-4851-aa4a-a8d62a6f3298	NULL	0	0	0	NULL
913	Gitega MU [Muhanga]	NULL	NULL	0	74a775ac-21ae-43dd-b5b0-68c18434c2dc	NULL	0	0	1	2024-04-17 00:00:00
1147	Gitega MU [Nyarungenge]	NULL	NULL	0	d9a90d77-9c0b-4ea9-9efb-18de52ab5b8e	NULL	0	0	0	NULL
161	Giti	NULL	NULL	0	cdd314c9-9bdb-4489-8219-35fe49164697	NULL	0	0	0	NULL
676	Giti MU	NULL	NULL	0	6f524cb2-c5fb-4384-8f98-8a4a8ef60337	NULL	0	0	0	NULL
19	Gitoki	NULL	NULL	0	2ef74356-1328-4685-81b9-c30af49bf79d	NULL	0	0	0	NULL
521	Gitoki MU	NULL	NULL	0	710c6f3f-7028-4abe-ac27-3e6ec91f8381	NULL	0	0	0	NULL
876	GITOVU (KINAZI)	NULL	NULL	0	9c0b660a-d671-41a6-a3ec-2fb48a68ac70	NULL	0	0	0	NULL
77	Gituku	NULL	NULL	0	581ee13f-d6ac-4b4c-820b-f7e907e5273c	NULL	0	0	0	NULL
578	Gituku MU	NULL	NULL	0	2c165425-a43f-4a83-920a-afb1ae579fc2	NULL	0	0	0	NULL
33	Gituza	NULL	NULL	0	99302bef-11fb-44f9-9526-7792cffb6924	NULL	0	0	0	NULL
518	Gituza MU	NULL	NULL	0	a743c495-a691-4410-8ef6-25507ac43eaa	NULL	0	0	0	NULL
441	Gitwe	NULL	NULL	0	4e0b0376-9af3-4aaa-9790-bc395392bc75	NULL	0	0	0	NULL
440	Gitwe HD	NULL	NULL	0	609e508d-3c51-496e-95f8-db8a81683396	NULL	0	0	0	NULL
984	Gitwe MU	NULL	NULL	0	b9d5e0dd-6319-40e2-8157-e59446c46eee	NULL	0	0	1	2023-09-09 00:00:00
271	Hanika (NYAMASHEKE)	NULL	NULL	0	cf7621ae-ed90-4b55-9a3f-057a0a747ee0	NULL	0	0	5	2025-07-31 00:00:00
404	Hanika I (NYANZA)	NULL	NULL	0	0c9997b9-93a6-4450-a0a8-abb59556a660	NULL	0	0	0	NULL
796	Hanika MU [Nyamasheke]	NULL	NULL	0	7cf82b0b-dcd8-40f4-823c-86eb1abdc5f4	NULL	0	0	0	NULL
953	Hanika MU [Nyanza]	NULL	NULL	0	c69edca2-30a7-4c6a-aadc-176a5e138f00	NULL	0	0	0	NULL
752	Hindiro	NULL	NULL	0	a0001ce7-3504-49dd-9cc0-e16d913f03cc	NULL	0	0	1	2024-11-22 00:00:00
32	Humure	NULL	NULL	0	22cd68da-964d-4e34-9361-b8444233b8a8	NULL	0	0	0	NULL
511	Humure MU	NULL	NULL	0	9ca96663-0ffe-4ac2-a290-d8184e00746a	NULL	0	0	0	NULL
600	Hunga	NULL	NULL	0	9e055c49-4971-4eab-a90f-a2b23e9e2937	NULL	0	0	0	NULL
874	Huye DP	NULL	NULL	0	9b326e5e-fba6-41f4-827c-05fd0fcef8a3	NULL	0	0	0	NULL
352	Huye Police	NULL	NULL	0	97af0a6e-a40c-4f2f-9773-7b19abf0de29	NULL	0	0	0	NULL
1167	ID Clinic	245	Shyira HD	0	4359201d-8c8f-4877-8cea-3ebc76a9d55f	ID Location, Login Location, Outpatient Location, Pharmacy Location	0	0	603	2026-07-22 11:00:59
700	INFIRMERIE ACADEMY 	NULL	NULL	0	fc8f37be-5b0b-4e48-8938-06c9b41f5f4e	NULL	0	0	3	2023-12-06 00:00:00
895	INSHUTI NZIZA 	NULL	NULL	0	3b028050-78e2-4bc1-9eb9-0fe7887f474b	NULL	0	0	0	NULL
1164	Internal Medecine Ward	245	Shyira HD	0	0eea0073-91bc-4a28-8b1e-a882326a98ba	Admission Location, Emergency, Internal Medecine Location, Login Location, NCD Location, Pediatrics Ward	0	0	8721	2026-07-29 07:37:19
833	Islamic MU	NULL	NULL	0	02a0895d-ffa7-4d9d-92a9-ee2f8d61d273	NULL	0	0	0	NULL
294	Islamique Bugarama	NULL	NULL	0	ba7c0cfb-2cf5-46bc-90d3-08d5948ef91e	NULL	0	0	0	NULL
890	IWACU	NULL	NULL	0	497ad767-110c-44d7-aa28-302d5b05635d	NULL	0	0	0	NULL
458	Jali	NULL	NULL	0	e06d62d2-3907-46b8-8c6a-f39a7cc31729	NULL	0	0	1	2023-01-18 00:00:00
1022	Jali MU	NULL	NULL	0	1e79daa8-c486-42db-bf40-29982241cfe5	NULL	0	0	0	NULL
144	Janja	NULL	NULL	0	66c831d5-4b1b-4c40-8e1d-2e4946779016	NULL	0	0	94	2026-07-23 00:00:00
644	Janja MU	NULL	NULL	0	22720fd4-d8b7-410f-84c7-72f086c5adc1	NULL	0	0	6	2026-06-10 00:00:00
80	Jarama	NULL	NULL	0	42591d82-b17f-4280-965f-3777e8d0bbb1	NULL	0	0	0	NULL
573	Jarama MU	NULL	NULL	0	7ce5283f-3bbc-4691-aa47-a80345132905	NULL	0	0	0	NULL
784	Jenda (NYABIHU)	NULL	NULL	0	1837a0ee-cfc7-49bf-97fa-3ebab603840c	NULL	0	0	12	2025-10-09 00:00:00
399	Jenda (NYAMAGABE)	NULL	NULL	0	4b4b7e7f-ffbf-4d8b-9269-5dc5bb6c6fe4	NULL	0	0	0	NULL
931	Jenda MU	NULL	NULL	0	94a53c0e-e2df-405a-9173-245981555152	NULL	0	0	3	2025-06-17 00:00:00
253	Jomba	NULL	NULL	0	d30c5333-b9d4-42ca-a585-da340da31cbb	NULL	0	0	209	2026-07-24 00:00:00
778	Jomba MU	NULL	NULL	0	5ddffdb4-39fb-46eb-a619-7f102de661dc	NULL	0	0	42	2026-06-30 00:00:00
5	Juru	NULL	NULL	0	80302b92-065f-463c-b793-bcdc298f06f1	NULL	0	0	0	NULL
546	Kabare	NULL	NULL	1	3a0e3879-b7f4-4852-802a-b8de33ee0510	NULL	0	0	0	NULL
254	Kabari (NYABIHU)	NULL	NULL	1	512a2918-2811-48fb-8c4d-3ae115766729	NULL	0	0	2	2024-02-21 00:00:00
814	Kabari (RUBAVU)	NULL	NULL	0	0911a609-cc3d-4414-a0a6-1f6d488fab2a	NULL	0	0	2	2026-06-25 00:00:00
53	Kabarondo	NULL	NULL	0	d1c47c13-c588-4658-85d9-1902a1c2eedb	NULL	0	0	0	NULL
545	KABARONDO (PRIVE)	NULL	NULL	0	06759772-0270-46c8-a713-c3a2fc9cf9c3	NULL	0	0	1	2025-01-15 00:00:00
543	Kabarondo Dispensaire Prive	NULL	NULL	1	10dfc658-8266-49be-90e8-d5914c70ca30	NULL	0	0	0	NULL
548	Kabarondo MU	NULL	NULL	0	4ce71f8d-1d98-4018-8188-29a88ffc2a16	NULL	0	0	0	NULL
31	Kabarore	NULL	NULL	0	33b97f93-1d26-4b5d-ac28-3b84284717ee	NULL	0	0	1	2025-12-17 00:00:00
508	Kabarore MU	NULL	NULL	0	2138301c-79a8-44ba-9d2f-0345135820b7	NULL	0	0	0	NULL
255	Kabatwa	NULL	NULL	0	5d2ae19d-97ed-40aa-a8f0-fa2a69201558	NULL	0	0	9	2025-09-25 00:00:00
786	Kabatwa MU	NULL	NULL	0	50e3ea2d-3a6f-4370-b638-4a143862598f	NULL	0	0	0	NULL
236	Kabaya	NULL	NULL	0	494e0611-1206-4dc7-ac33-ce1b2ce4cf90	NULL	0	0	7	2025-03-09 00:00:00
234	Kabaya HD	NULL	NULL	0	73892a0d-00a0-4cc1-9db2-1fa0ca9c1a19	NULL	0	0	5	2025-03-30 00:00:00
772	Kabaya MU	NULL	NULL	0	66d5e210-d90f-4263-8e2f-8dfbadd8645a	NULL	0	0	1	2023-02-06 00:00:00
710	Kabere	NULL	NULL	0	3e424e2c-e7dc-49a9-be54-c01323273668	NULL	0	0	21	2026-07-01 00:00:00
696	Kabere MU	NULL	NULL	0	b307465a-a19f-4242-9e06-55e64b379802	NULL	0	0	3	2026-07-19 00:00:00
379	Kabgayi	NULL	NULL	0	72f5e056-0e6a-4480-b05c-bf31a81cd6c9	NULL	0	0	0	NULL
383	Kabgayi HP	NULL	NULL	0	93dd0603-5ef6-4491-aa64-8d809bc76e36	NULL	0	0	0	NULL
907	Kabgayi MU	NULL	NULL	0	2abf7628-2569-43f6-a46e-fb5e84330111	NULL	0	0	0	NULL
428	Kabilizi	NULL	NULL	0	80a5a9dd-72e8-4f2f-8043-84e38ffd2fc5	NULL	0	0	1	2023-02-20 00:00:00
957	Kabilizi MU	NULL	NULL	0	f582ecaf-75b1-487d-a45d-89c2ac3abd04	NULL	0	0	2	2024-01-18 00:00:00
326	Kabona	NULL	NULL	0	3d1cf91c-5c1f-4cc8-a99f-fa0adea75bdb	NULL	0	0	0	NULL
840	Kabona MU	NULL	NULL	0	4da46f8c-46a1-4189-b522-4c4f363c4ed8	NULL	0	0	0	NULL
366	Kabuga (KAMONYI)	NULL	NULL	0	bc8189d5-e60b-41d8-b183-ed072689caa4	NULL	0	0	0	NULL
472	Kabuga (KICUKIRO)	NULL	NULL	0	d0026a7f-51fd-41e2-b9ab-fd0c32f3a311	NULL	0	0	3	2019-05-08 00:00:00
89	Kabuga (NYAGATARE)	NULL	NULL	0	54d5aa00-3ae4-423e-8472-9e732da6e9d6	NULL	0	0	0	NULL
981	Kabuga (RUGANGO)	NULL	NULL	0	11b8aba2-e2cd-46e8-b39a-21260a0ed059	NULL	0	0	0	NULL
1075	Kabuga MU	NULL	NULL	0	b386d5b2-6e30-49d2-952a-5b92f38577e1	NULL	0	0	0	NULL
585	Kabuga MU [Nyagatare]	NULL	NULL	0	c4654ed4-5343-4e1b-8316-8f2f510b8052	NULL	0	0	0	NULL
542	Kabura	NULL	NULL	1	7f91d9a1-4d5a-4d63-89a5-23f07ca67c92	NULL	0	0	0	NULL
1149	Kabusumzu MU	NULL	NULL	0	9195bbaa-51c5-4fb1-98cd-dfa996ba4b08	NULL	0	0	0	NULL
487	Kabusunzu	NULL	NULL	0	8d06b0b2-5a81-41d1-afc0-d5833516a359	NULL	0	0	0	NULL
353	Kabutare HD	NULL	NULL	0	62aaf4c6-4f8e-47b0-8e2f-d8c92eb980e3	NULL	0	0	0	NULL
459	Kabuye	NULL	NULL	0	3c9c90e8-82cc-4141-8f86-2ec8ce412240	NULL	0	0	0	NULL
562	Kabuye (Kirehe)	NULL	NULL	0	b092a674-90db-438e-be26-5f16e633b3b3	NULL	0	0	0	NULL
1026	Kabuye MU [Gasabo]	NULL	NULL	0	ddc09360-4549-4720-889b-729974c20a4a	NULL	0	0	0	NULL
560	Kabuye MU [Kirehe]	NULL	NULL	0	82eb643b-55c2-438d-8c09-b20c484d4609	NULL	0	0	0	NULL
460	Kacyiru	NULL	NULL	0	dc856d49-b144-4b0e-95e6-05771d61eccd	NULL	0	0	0	NULL
1020	Kacyiru MU	NULL	NULL	0	071167a3-b873-4cf5-a570-3a5e20a19f43	NULL	0	0	0	NULL
1006	Kacyiru Police Hospital	NULL	NULL	0	d2ff308f-0fb1-4430-bd14-7625cd19eaa9	NULL	0	0	0	NULL
398	Kaduha	NULL	NULL	0	7f16fb64-c10d-4874-83e6-8d007b1f9175	NULL	0	0	1	2026-05-26 00:00:00
397	Kaduha HD	NULL	NULL	0	62014f21-e033-4c93-815f-189f186095e9	NULL	0	0	0	NULL
918	Kaduha MU	NULL	NULL	0	e35e3e33-13c3-413c-94bf-d18870adc1a7	NULL	0	0	0	NULL
44	Kageyo (KAYONZA Gahini)	NULL	NULL	1	8bc2a971-133f-415e-87df-6943c972da6d	NULL	0	0	0	NULL
758	Kageyo (NGORORERO)	NULL	NULL	0	5cd222a8-367d-49e1-9a91-971081c30cc0	NULL	0	0	0	NULL
21	Kageyo CS (GATSIBO)	NULL	NULL	0	3896a9b5-82f6-4238-a52f-fb3ce3e6e795	NULL	0	0	0	NULL
41	Kageyo CS (KAYONZA Mwiri)	NULL	NULL	0	295bd10a-9eab-46ec-80bd-88c0062a358a	NULL	0	0	0	NULL
528	Kageyo MU [Gatsibo]	NULL	NULL	0	5a305fc8-9b2c-4497-be95-d3fd97e8373f	NULL	0	0	0	NULL
544	Kageyo MU [KAYONZA Mwiri]	NULL	NULL	0	756f1c8f-504e-436e-ad7c-4c654cb5cce4	NULL	0	0	0	NULL
530	Kageyo PS (KAYONZA Mwiri)	NULL	NULL	1	1a615e9c-ef6f-419a-93cd-b9ca1fb7b09f	NULL	0	0	0	NULL
90	Kagitumba	NULL	NULL	0	c08417a6-f3ac-4652-a862-9160947a5ac1	NULL	0	0	1	2024-03-10 00:00:00
589	Kagitumba MU	NULL	NULL	0	66df5226-6139-458a-8439-30a7375bb906	NULL	0	0	1	2024-03-21 00:00:00
455	Kagugu	NULL	NULL	0	f92be7df-0492-4e1c-b701-a5fa950cdbd3	NULL	0	0	3	2018-01-11 00:00:00
989	Kagugu MU	NULL	NULL	0	b57bd95b-7737-4632-9c5b-6fac8eb0b9bd	NULL	0	0	0	NULL
196	Kajevuba	NULL	NULL	0	1ff06786-d0ab-49b8-ab66-182a21379037	NULL	0	0	0	NULL
712	Kajevuba MU	NULL	NULL	0	2e4b9034-4556-4c00-9c9d-88cfe419ab0c	NULL	0	0	0	NULL
12	Kamabuye	NULL	NULL	0	47ff3a2d-1e62-4fce-941e-462df4a27d95	NULL	0	0	0	NULL
501	Kamabuye MU	NULL	NULL	0	bdea4a95-473b-437b-b955-b47fe2235cae	NULL	0	0	0	NULL
365	Kamonyi (Gacurabwenge)	NULL	NULL	0	d6010865-abf5-485d-85d9-a5f13944513a	NULL	0	0	1	2023-01-29 00:00:00
266	Kamonyi (NYAMASHEKE)	NULL	NULL	0	77b5cbdd-9487-41f1-9a23-d47716639684	NULL	0	0	0	NULL
901	KAMONYI Disp	NULL	NULL	0	b11c7449-79c9-4c43-b494-9b2083c00d48	NULL	0	0	2	2024-11-26 00:00:00
898	Kamonyi DP	NULL	NULL	0	c45d40d0-dba5-4ecb-8c61-35ac9e9056bd	NULL	0	0	1	2026-07-19 00:00:00
793	Kamonyi MU [Nyamasheke]	NULL	NULL	0	b2a58a19-a6c4-42fa-9d1f-8e41565a4ce2	NULL	0	0	0	NULL
666	Kamubuga	NULL	NULL	0	75afb07c-0048-48d7-b479-06ff1e7f6af2	NULL	0	0	2	2026-01-08 00:00:00
1073	Kanombe MU	NULL	NULL	0	cdd696ea-bef8-45ff-93d7-36dbc26a22cd	NULL	0	0	0	NULL
335	Kansi	NULL	NULL	0	b9be4c12-e1d5-4d80-a45f-d79e83724427	NULL	0	0	0	NULL
858	Kansi MU	NULL	NULL	0	52316e9c-5cdf-49c5-9445-32ad03b2c447	NULL	0	0	0	NULL
356	Karama (HUYE)	NULL	NULL	0	a8441e61-fa46-464f-8aa3-c95820d75b8f	NULL	0	0	0	NULL
52	Karama (KAYONZA)	NULL	NULL	0	10ae913b-9f70-4cfe-a1c7-c0e44b6431c3	NULL	0	0	0	NULL
877	Karama MU [Huye]	NULL	NULL	0	fa420676-851f-4c09-b428-8a0b7f4a2ce6	NULL	0	0	0	NULL
533	Karama MU [Kayonza]	NULL	NULL	0	78670b26-9894-494d-96da-1a2b223fed18	NULL	0	0	0	NULL
281	Karambi (NYAMASHEKE)	NULL	NULL	0	cebf8df7-597c-4fa4-af34-86562aa23c11	NULL	0	0	0	NULL
439	Karambi (RUHANGO)	NULL	NULL	0	55033cfc-c5da-4b95-8c70-ec27c93c6caf	NULL	0	0	0	NULL
802	Karambi MU [Nyamasheke]	NULL	NULL	0	049dc75f-1546-468b-ae1a-c71713a4dc59	NULL	0	0	0	NULL
979	Karambi MU [Ruhango]	NULL	NULL	0	fdea2f05-cc82-48cc-bc72-8b988a316ad3	NULL	0	0	0	NULL
149	Karambo (GAKENKE)	NULL	NULL	0	b970efa6-2d32-4875-84ae-75fa05b4e44e	NULL	0	0	1	2026-03-02 00:00:00
290	Karambo (RUBAVU)	NULL	NULL	0	2bd52c69-278f-4e7f-9838-433c66da7265	NULL	0	0	1	2026-04-28 00:00:00
655	Karambo MU [Gakenke]	NULL	NULL	0	aab1317f-fbed-4691-8a70-8bc59ffba0c2	NULL	0	0	0	NULL
822	Karambo MU [Rubavu]	NULL	NULL	0	35230980-0720-4732-8a31-8b4dae481781	NULL	0	0	0	NULL
364	Karangara	NULL	NULL	0	c780ba1c-3827-4ab6-843d-4a0bb88499c5	NULL	0	0	0	NULL
81	Karangazi	NULL	NULL	0	46c41825-7251-48f8-a0e5-1cd3d0847bab	NULL	0	0	0	NULL
592	Karangazi MU	NULL	NULL	0	80c208c7-1fcb-487b-84d2-a54ee6d612b5	NULL	0	0	0	NULL
256	Kareba	NULL	NULL	0	0850fc93-8f82-4961-8ee3-620ee7613954	NULL	0	0	15	2025-11-05 00:00:00
774	Kareba MU	NULL	NULL	0	c0e36544-785a-4388-bfa9-50364ee3b011	NULL	0	0	0	NULL
112	Karenge	NULL	NULL	0	27f3288d-1257-42b9-8e18-62386cacdaba	NULL	0	0	0	NULL
622	Karenge MU	NULL	NULL	0	558b28b4-ceef-43fd-8659-9b87a0222944	NULL	0	0	0	NULL
282	Karengera	NULL	NULL	0	4fa7e872-f0a7-4681-990a-32e85c2e10cc	NULL	0	0	0	NULL
797	Karengera MU	NULL	NULL	0	3d8002f8-3d1c-4d5e-9762-917aef01f344	NULL	0	0	0	NULL
211	Karongi (Gisunzu) Police	NULL	NULL	0	ae09d62d-fd35-44d0-af80-cd7e1b506888	NULL	0	0	0	NULL
746	Karongi DP	NULL	NULL	0	33d5bbfd-f12e-40f3-87b2-6df331ba3e77	NULL	0	0	0	NULL
213	Karora	NULL	NULL	0	2a6322a4-0dc3-4782-a4de-200fd2749ad9	NULL	0	0	0	NULL
734	Karora MU	NULL	NULL	0	c00c6097-8914-4d4d-b844-2efdcc9b25c3	NULL	0	0	0	NULL
325	Karumbi	NULL	NULL	0	ea5592f9-3982-4dcf-8e82-b822f697d072	NULL	0	0	1	2023-08-24 00:00:00
853	Karumbi MU	NULL	NULL	0	2c4960fd-bbab-48fd-83d7-1c336bb56911	NULL	0	0	0	NULL
185	Karwasa	NULL	NULL	0	1bdb50f2-ae1d-44fa-8e4b-006571674ead	NULL	0	0	17	2026-01-09 00:00:00
704	Karwasa MU	NULL	NULL	0	15c6d1e4-c9f3-450a-a334-47a181e959ad	NULL	0	0	3	2024-12-07 00:00:00
82	Katabagemu	NULL	NULL	0	ea5690c1-1c52-4136-baa6-4fb70cc6cd6e	NULL	0	0	0	NULL
590	Katabagemu MU	NULL	NULL	0	88282e15-9420-4e7b-b810-6d4d69415997	NULL	0	0	0	NULL
462	Kayanga	NULL	NULL	0	34ec36b1-2931-4582-bd6e-4667e04e8bd2	NULL	0	0	1	2025-06-08 00:00:00
1024	Kayanga MU	NULL	NULL	0	c452f358-75ac-4280-8ab8-4932349c4229	NULL	0	0	0	NULL
362	Kayenzi	NULL	NULL	0	6b8f10c2-0371-4343-bc85-449556edba90	NULL	0	0	0	NULL
896	Kayenzi MU	NULL	NULL	0	c96bff1d-6b41-4c9d-91f4-3f6b9ea0d5b4	NULL	0	0	0	NULL
531	KAYONZA	NULL	NULL	0	0d7bb5e3-7012-4723-9a77-fc05056a445c	NULL	0	0	1	2024-11-21 00:00:00
541	Kayonza DP [Gahini]	NULL	NULL	0	8bfe1b95-ecc7-4b6f-a416-7b606fb5e200	NULL	0	0	0	NULL
323	Kayove	NULL	NULL	0	7e6df586-70d4-48f8-b0fc-0bddc2742d10	NULL	0	0	0	NULL
850	Kayove MU	NULL	NULL	0	c18c1f52-3a11-4441-80bd-711767820037	NULL	0	0	0	NULL
463	Kibagabaga HP	NULL	NULL	0	7d20e940-5854-4ebd-bdce-2322a2ffc968	NULL	0	0	0	NULL
329	Kibayi	NULL	NULL	0	de61a831-f998-4e68-8a72-014eb9bb32f1	NULL	0	0	0	NULL
862	Kibayi MU	NULL	NULL	0	a7930868-88e9-4477-8406-68be845ceeaa	NULL	0	0	0	NULL
427	Kibeho	NULL	NULL	0	5c4c1d32-ff16-4abf-ad96-477d424a1dfe	NULL	0	0	0	NULL
970	Kibeho MU	NULL	NULL	0	4c8e5b24-49f8-4a1e-b48b-83deaaa12d0d	NULL	0	0	0	NULL
328	Kibilizi (GISAGARA)	NULL	NULL	0	bce80f3f-1578-4f05-bb7d-6aadab63f741	NULL	0	0	0	NULL
860	Kibilizi (GISAGARA) MU	NULL	NULL	0	81e57ce5-3eec-450c-bb9f-16a81e0ba21a	NULL	0	0	0	NULL
403	Kibilizi (NYANZA)	NULL	NULL	0	3fcfb521-740a-4b7a-be7d-33c5b4d8189d	NULL	0	0	0	NULL
337	Kibilizi HD	NULL	NULL	0	390b586c-8913-4c8b-9676-71d1db5ba9ab	NULL	0	0	0	NULL
278	Kibingo (NYAMASHEKE)	NULL	NULL	0	2180986f-284d-4437-b0d7-e878556e4f9e	NULL	0	0	0	NULL
319	Kibingo (Rutsiro)	NULL	NULL	0	45a30eb5-dd98-4f95-810e-8b48958df975	NULL	0	0	0	NULL
805	Kibingo MU [Nyamasheke]	NULL	NULL	0	4123a44e-dc54-4c18-867d-bbcdd9f9a6cd	NULL	0	0	0	NULL
849	Kibingo MU [Rutsiro]	NULL	NULL	0	2225bf60-83f1-4bbb-a3e8-5d50c9d0baec	NULL	0	0	0	NULL
955	Kibirizi MU	NULL	NULL	0	050e471b-d5f0-4f0e-ba0a-8b95b6c2410c	NULL	0	0	1	2024-11-17 00:00:00
274	Kibogora	NULL	NULL	0	c6d5d1d4-dd06-46cd-98a0-d1054040ff87	NULL	0	0	0	NULL
275	Kibogora HD	NULL	NULL	0	1da880a8-5bfd-4274-8b69-22ede241d7c9	NULL	0	0	0	NULL
800	Kibogora MU	NULL	NULL	0	b8570d5d-fc5d-4e55-8aa3-97328277f28c	NULL	0	0	0	NULL
29	Kibondo	NULL	NULL	0	cbeb1325-22e8-4e1f-a0b3-e1cc96c06c9a	NULL	0	0	0	NULL
520	Kibondo MU	NULL	NULL	0	2724e211-4b3e-4a4d-bd97-5aed99585e3f	NULL	0	0	0	NULL
396	KIBUMBWE	NULL	NULL	0	ea2047d0-dc73-4773-ad0f-1e81d5baabac	NULL	0	0	0	NULL
928	Kibumbwe MU	NULL	NULL	0	f078d9db-2022-4b59-9f25-d394e6bf84bf	NULL	0	0	0	NULL
79	Kibungo	NULL	NULL	0	df3aa1f2-553a-4e0f-b3d2-b99a19d7aaf2	NULL	0	0	0	NULL
574	Kibungo  MU	NULL	NULL	0	cb2c40d9-57bf-45f2-9a40-3cb19a690d55	NULL	0	0	0	NULL
76	Kibungo HD	NULL	NULL	0	69579a67-e862-4700-ac31-84d47f0751e3	NULL	0	0	0	NULL
727	Kibuye	NULL	NULL	0	9064332a-6790-4a80-a3f0-74860b02f7d7	NULL	0	0	0	NULL
214	Kibuye HD	NULL	NULL	0	b1e56045-c3ff-4142-8a27-80f393f8eff1	NULL	0	0	0	NULL
739	Kibuye MU	NULL	NULL	0	38aba108-e732-449c-a3e0-b736a6de048f	NULL	0	0	0	NULL
471	Kicukiro	NULL	NULL	0	40286e3b-ab61-4c80-a678-6848e0569462	NULL	0	0	1	2026-04-12 00:00:00
1080	Kicukiro DP	NULL	NULL	0	eff36dc4-8743-4258-9702-525c663449c4	NULL	0	0	0	NULL
1076	Kicukiro MU	NULL	NULL	0	2a8e402c-203d-4b7a-8f5b-7d25680e698b	NULL	0	0	0	NULL
662	KIDOMO	NULL	NULL	0	d3e45897-ea01-4198-86f0-e76a8d6e5ce7	NULL	0	0	0	NULL
1031	Kigali Ady Med Centre (CMAK)	NULL	NULL	0	28d6c16e-61ae-4a46-8910-66b76b276b11	NULL	0	0	1	2024-05-15 00:00:00
1030	Kigali Dental Clin	NULL	NULL	0	d4d14a56-401e-4ebe-ae02-b3f8c7704370	NULL	0	0	0	NULL
1029	Kigali Dermatology Clin	NULL	NULL	0	a0604aad-ff40-4c81-ac65-205968ceb0c0	NULL	0	0	0	NULL
1137	Kigali Optic	NULL	NULL	0	9fbb2568-17d8-447b-8e3f-a12e9cb2c972	NULL	0	0	0	NULL
338	Kigembe	NULL	NULL	0	3001b68d-509e-4d58-87b6-6de5684f529b	NULL	0	0	0	NULL
861	Kigembe MU	NULL	NULL	0	33cd136d-09d8-4de8-93f2-584a791dc790	NULL	0	0	0	NULL
385	Kigeme	NULL	NULL	0	14b29ca0-7c82-48b5-8641-5e4de1eb1151	NULL	0	0	0	NULL
390	Kigeme HD	NULL	NULL	0	d301ea23-5a94-4a9e-bde4-e4720aa495f7	NULL	0	0	0	NULL
923	Kigeme MU	NULL	NULL	0	e4be2dac-b724-4ef0-a986-8b7e18b82b5d	NULL	0	0	0	NULL
363	Kigese	NULL	NULL	0	18e2f8f0-1630-43d8-997f-8171496ada47	NULL	0	0	0	NULL
170	Kigogo	NULL	NULL	0	f0915cd9-aba0-41d8-9a70-7b7b2c4f8633	NULL	0	0	0	NULL
689	Kigogo MU	NULL	NULL	0	4a35a611-b793-43a8-8fcc-65680ffc961a	NULL	0	0	0	NULL
446	Kigoma	NULL	NULL	0	a5479e6e-d95e-4660-8aa8-cb9414fb94c0	NULL	0	0	0	NULL
987	Kigoma MU	NULL	NULL	0	b96a0acb-f82d-496e-8f3c-caa88b47dba9	NULL	0	0	0	NULL
291	Kigufi	NULL	NULL	0	88c29bce-9edf-4896-8ba4-73e5decc413b	NULL	0	0	0	NULL
464	Kimironko	NULL	NULL	0	f0407429-e5e2-45f2-8465-38fdf98c99c9	NULL	0	0	0	NULL
1040	Kimironko MU	NULL	NULL	0	4aad4241-d761-42c3-b12e-eac6d61a3216	NULL	0	0	0	NULL
692	Kimonyi Dispensary	NULL	NULL	0	023cf691-06a5-4015-9537-7ef3b5874c3c	NULL	0	0	31	2026-07-22 00:00:00
447	Kinazi	NULL	NULL	0	f351a209-25ce-40ab-8abc-79e9325f9658	NULL	0	0	0	NULL
886	Kinazi MU	NULL	NULL	0	6e73e574-7774-411c-9037-6d43f07e829d	NULL	0	0	0	NULL
1003	King Faisal Hospital	NULL	NULL	0	56cbe6a1-5c7d-4bb9-8e59-e5a1b25408f0	NULL	0	0	0	NULL
181	Kinigi	NULL	NULL	0	38ae788d-ff35-4f62-9da5-9ef182878871	NULL	0	0	45	2026-06-24 00:00:00
694	Kinigi MU	NULL	NULL	0	fe80c048-2e31-4bd5-8faa-f4a47cf18c0d	NULL	0	0	6	2025-04-29 00:00:00
195	Kinihira (RULINDO)	NULL	NULL	0	f8de425a-0811-4202-97db-43bd4b9da31a	NULL	0	0	0	NULL
324	Kinihira (RUTSIRO)	NULL	NULL	0	c4e18d91-d4b2-4fe2-9c5f-7af7ce5e1d20	NULL	0	0	0	NULL
725	Kinihira MU [Rulindo]	NULL	NULL	0	92748d06-3987-40b6-a0c0-ac4e12dbdfaa	NULL	0	0	0	NULL
851	Kinihira MU [Rutsiro]	NULL	NULL	0	a10ec65f-8a9d-474e-91a2-08d5ae1a51e5	NULL	0	0	0	NULL
197	Kinini	NULL	NULL	0	f102c8fc-75e9-43b3-902e-478a2d181b43	NULL	0	0	0	NULL
991	Kininya MU	NULL	NULL	0	77436543-19fd-4588-8966-0d8314024716	NULL	0	0	0	NULL
123	Kinoni	NULL	NULL	0	4f0f0ce2-5ee8-4c4c-8706-dc70ac94ce55	NULL	0	0	2	2024-02-28 00:00:00
632	Kinoni MU	NULL	NULL	0	b1978127-316c-415f-8898-b7ce9e45ea21	NULL	0	0	0	NULL
785	Kintobo	NULL	NULL	0	30d39585-562c-474d-a3d8-8908cca40990	NULL	0	0	9	2024-12-17 00:00:00
312	Kinunu	NULL	NULL	0	3dc306db-dead-43b0-ac96-6566324f9d9d	NULL	0	0	0	NULL
843	Kinunu MU	NULL	NULL	0	09827143-a0b1-47c0-bec7-665721d1b027	NULL	0	0	0	NULL
131	Kinyababa	NULL	NULL	0	4b6bbe80-408d-416a-bedd-06a2a83a1b78	NULL	0	0	0	NULL
631	Kinyababa MU	NULL	NULL	0	1d006326-70d7-4f67-916f-17a2eb9d5ba2	NULL	0	0	0	NULL
358	Kinyamakara	NULL	NULL	0	df3ec81d-634a-4318-aec4-329dce47fef1	NULL	0	0	0	NULL
887	Kinyamakara MU	NULL	NULL	0	578dce00-ea94-4f8a-b1e6-823100a6bcd9	NULL	0	0	0	NULL
461	Kinyinya	NULL	NULL	0	4bc9df75-6e24-4aae-b2fe-28502f6db1cb	NULL	0	0	5	2024-11-05 00:00:00
406	Kirambi	NULL	NULL	0	d10ee96c-c6b9-4a13-bf1c-e03ed80915dc	NULL	0	0	0	NULL
946	Kirambi MU	NULL	NULL	0	fc5eb5a3-f7c1-4414-8a66-aa78188caaa7	NULL	0	0	0	NULL
125	Kirambo (BURERO)	NULL	NULL	0	74718bfd-84c7-438e-a29e-d3d69544ab65	NULL	0	0	0	NULL
208	Kirambo (KARONGI)	NULL	NULL	0	8b5165f3-dbca-41a4-9924-2e625dd4e8a0	NULL	0	0	0	NULL
641	Kirambo MU [Burera]	NULL	NULL	0	f9e9c289-e114-4256-8542-f4b483f31fd2	NULL	0	0	1	2024-01-01 00:00:00
735	Kirambo MU [Karongi]	NULL	NULL	0	41b4de07-50ef-4188-a8ac-4f377cbb022f	NULL	0	0	0	NULL
339	Kirarambogo	NULL	NULL	0	147d03c7-b567-40f4-a56b-651ff14bf9b8	NULL	0	0	0	NULL
866	Kirarambogo MU	NULL	NULL	0	d1accd89-d18a-4616-9cdc-3930627d87c7	NULL	0	0	0	NULL
67	Kirehe	NULL	NULL	0	77160e61-0ee4-4f21-b2ec-81cf200a61fb	NULL	0	0	0	NULL
561	Kirehe DP	NULL	NULL	0	bfc05903-e5e1-496a-b700-ffd02ca15c9a	NULL	0	0	0	NULL
61	Kirehe HD	NULL	NULL	0	d47fe69b-2689-4451-bce9-7965a6a6b702	NULL	0	0	0	NULL
556	Kirehe MU	NULL	NULL	0	755e5afc-e02b-44b8-acd6-751fe1a685b5	NULL	0	0	0	NULL
209	Kirinda	NULL	NULL	0	ab7e2618-e37c-4887-9b28-c8abcc5bbf8d	NULL	0	0	0	NULL
212	Kirinda HD	NULL	NULL	0	54d62e2b-99b6-4363-b9ec-9782dfbc95dd	NULL	0	0	0	NULL
748	Kirinda MU	NULL	NULL	0	68382f52-2586-492d-8093-759210c58ce8	NULL	0	0	0	NULL
75	Kirwa	NULL	NULL	0	8e3aa88c-3b31-4cd3-b1f9-ef2ca638b2dc	NULL	0	0	1	2022-09-30 00:00:00
570	Kirwa MU	NULL	NULL	0	b1e102c7-44b6-4c3b-8dd7-beb80a51a79a	NULL	0	0	0	NULL
190	Kisaro	NULL	NULL	0	d42fd628-a886-4a40-ba7a-d7900ada028b	NULL	0	0	0	NULL
386	Kitabi	NULL	NULL	0	b32afb5b-7a61-4791-a221-a3ea22925fef	NULL	0	0	0	NULL
920	Kitabi MU	NULL	NULL	0	e5377660-ae52-4ca8-bc75-2828c2f97281	NULL	0	0	0	NULL
431	Kivu	NULL	NULL	0	cb1bf90c-d46a-4ddc-80e6-10e95f982b91	NULL	0	0	0	NULL
964	Kivu MU	NULL	NULL	0	8dc8e684-cc1b-471e-be02-f4a312d28d42	NULL	0	0	0	NULL
382	Kivumu (MUHANGA)	NULL	NULL	0	177ddf27-944f-4e88-b803-c560b6a8edcf	NULL	0	0	1	2024-11-05 00:00:00
311	Kivumu (RUTSIRO)	NULL	NULL	0	587b1523-361f-4947-be8c-a56fef530348	NULL	0	0	0	NULL
906	Kivumu MU [Muhanga]	NULL	NULL	0	84be7b43-510c-43d1-a291-9ff0f708d148	NULL	0	0	0	NULL
839	Kivumu MU [Rutsiro]	NULL	NULL	0	1ea11410-33ad-4d93-96c1-d6e66889557b	NULL	0	0	0	NULL
132	Kivuye	NULL	NULL	0	18335a0f-caf7-41d5-9c3f-be4bd875479f	NULL	0	0	1	2023-05-15 00:00:00
628	Kivuye MU	NULL	NULL	0	b545c036-733d-4503-982d-c5d661130750	NULL	0	0	0	NULL
199	Kiyanza	NULL	NULL	0	0565763d-1939-4930-a0c5-13fef4f81e70	NULL	0	0	0	NULL
711	Kiyanza MU	NULL	NULL	0	dd3886b1-4c67-4a94-b514-96cfe56f18b3	NULL	0	0	0	NULL
220	Kiziba Camp	NULL	NULL	0	0985b967-7aa4-46a6-9a95-742ca3e7fb46	NULL	0	0	0	NULL
436	Kizibere	NULL	NULL	0	617ad38d-22a2-4b1f-8feb-b74ffe09c5f1	NULL	0	0	1	2023-08-02 00:00:00
973	Kizibere MU	NULL	NULL	0	7e071224-328a-479b-abfd-c001b9eb0f50	NULL	0	0	0	NULL
37	Kiziguro (GATSIBO)	NULL	NULL	0	78e1cd5a-835c-46c4-8a46-b88fbcc92df0	NULL	0	0	0	NULL
761	Kiziguro (NGORORERO)	NULL	NULL	0	d47e429d-f3e3-44c7-9320-48465e03e5e5	NULL	0	0	68	2026-07-12 00:00:00
38	Kiziguro HD	NULL	NULL	0	5e371ba7-4c27-4b88-a7b6-f6922f436805	NULL	0	0	2	2026-06-15 00:00:00
515	Kiziguro MU	NULL	NULL	0	1029d0cc-46f9-4859-ba55-cf1d3a80f982	NULL	0	0	12	2026-05-20 00:00:00
257	Kora	NULL	NULL	0	c179b064-616f-44dc-8ab2-d003cf01e9ee	NULL	0	0	13	2025-06-13 00:00:00
780	Kora MU	NULL	NULL	0	c0458e8e-287e-461b-804e-5a5bcbed32de	NULL	0	0	0	NULL
621	LA CONFIANCE	NULL	NULL	1	886f4b86-035d-4f1d-bccd-64c2e0ab3a0a	NULL	0	0	1	2022-10-28 00:00:00
1165	Laboratory	245	Shyira HD	0	320a7c98-78f3-4e6b-9f0c-1a520eef44c1	Laboratory Location, Login Location	0	0	17	2026-06-07 23:10:38
1136	Life Clinic	NULL	NULL	0	51306c5b-1042-4177-9592-de75380e94d4	NULL	1	0	1	2025-08-10 01:44:51
751	Mabuye	NULL	NULL	0	0fd9181f-9bb8-4284-b9d9-df5ee8811a39	NULL	0	0	0	NULL
272	MAHEMBE	NULL	NULL	0	4bd36311-cbea-42f6-9724-1152f1073d3a	NULL	0	0	1	2026-07-08 15:24:09
799	Mahembe MU	NULL	NULL	0	8400a511-9b3c-4330-aebe-59af51196f58	NULL	0	0	0	NULL
159	Manyagiro	NULL	NULL	0	9b0424aa-d041-41fc-93bd-afeb5a2bd9f2	NULL	0	0	0	NULL
671	Manyagiro MU	NULL	NULL	0	fbcd3a1a-6bb2-47f6-9113-7393718f2ae7	NULL	0	0	0	NULL
349	Maraba (HUYE)	NULL	NULL	0	01b84b99-67bf-4654-ab9e-05378898f800	NULL	0	0	0	NULL
426	Maraba (NYARUGURU)	NULL	NULL	0	8a448c21-b7a0-4898-b950-551acb77a752	NULL	0	0	0	NULL
969	Maraba MU	NULL	NULL	0	3f27d4b5-f369-4118-94d5-999ff67f7f9a	NULL	0	0	0	NULL
13	Mareba	NULL	NULL	0	e2cb3aaf-ff96-4b2a-be26-a625e3dbaf2e	NULL	0	0	0	NULL
505	Mareba MU	NULL	NULL	0	34d51b72-1135-410c-8cfb-594a3bcbb5ff	NULL	0	0	0	NULL
192	Marembo	NULL	NULL	0	1006d639-19e6-4152-b239-9dc8b29f1a48	NULL	0	0	0	NULL
470	Masaka	NULL	NULL	0	76cca1a1-2f13-49c1-b2b8-7703de3ac642	NULL	0	0	1	2023-10-27 00:00:00
477	Masaka HD	NULL	NULL	0	16035908-d117-49fd-8e57-5ea8c3921763	NULL	0	0	0	NULL
1074	Masaka MU	NULL	NULL	0	8f7b315c-0cfd-4fd8-8ea5-c3616c415bed	NULL	0	0	0	NULL
295	Mashesha	NULL	NULL	0	3df25c7b-5527-4201-90fb-75dc84dcaa10	NULL	0	0	0	NULL
832	Mashesha MU	NULL	NULL	0	382ab45f-6b29-4ce4-afae-33f7c1f1ad04	NULL	0	0	0	NULL
200	Masoro	NULL	NULL	0	7ba2780b-307f-4634-8597-54380dff2a2e	NULL	0	0	0	NULL
724	Masoro MU	NULL	NULL	0	2473d2eb-d310-407e-b16e-464f4090cdf7	NULL	0	0	0	NULL
150	Mataba	NULL	NULL	0	2009411d-2fc5-4858-ace0-5479c90339a4	NULL	0	0	31	2026-07-24 00:00:00
648	Mataba MU	NULL	NULL	0	6f1a8b39-92a7-4dc6-9212-0412a666c000	NULL	0	0	11	2026-06-30 00:00:00
1172	Maternity Department	245	Shyira HD	0	6284f443-3edc-4486-bca8-ac037772a74c	Admission Location, Internal Medecine Location, Login Location, Maternity Location, Outpatient Location, Transfer Location	0	0	17854	2026-07-30 05:58:17
83	Matimba	NULL	NULL	0	2fa88242-1b17-4b09-b5b9-b6c21f7f0445	NULL	0	0	0	NULL
587	Matimba MU	NULL	NULL	0	a2fb327e-a2b9-4f0b-aa8b-a2e776d47bf9	NULL	0	0	0	NULL
357	Matyazo	NULL	NULL	0	aa582b43-5d32-4da4-9b84-cef2b8516a47	NULL	0	0	1	2023-04-07 00:00:00
881	Matyazo MU	NULL	NULL	0	5e59350c-acd6-4002-8fa5-ce151e1aa5a5	NULL	0	0	1	2025-02-01 00:00:00
14	Mayange (BUGESERA)	NULL	NULL	0	7619795b-32b1-4ac6-97cd-c4f3c16017b2	NULL	0	0	1	2023-07-23 00:00:00
506	Mayange (GATSIBO)	NULL	NULL	0	d77f6545-c059-4d28-aab5-cb7c8ecef8f9	NULL	0	0	0	NULL
504	Mayange MU	NULL	NULL	0	7bdcdde4-ac61-419b-b0c5-106e1985c701	NULL	0	0	0	NULL
355	Mbazi	NULL	NULL	0	075d5c4c-ba7a-415f-bea9-b49550a6bb27	NULL	0	0	0	NULL
869	Mbazi MU	NULL	NULL	0	66df94fc-eb11-4fcd-94fa-6b39cba9c652	NULL	0	0	0	NULL
507	Mbogo	NULL	NULL	0	477f317c-38f8-40f3-89b7-fc0d0f6bbf0c	NULL	0	0	0	NULL
387	Mbuga	NULL	NULL	0	cd644c4a-8093-4ce3-a0eb-5e4ab356bc9b	NULL	0	0	0	NULL
919	Mbuga MU	NULL	NULL	0	92004f44-c67c-485e-bd27-7eb09d967817	NULL	0	0	0	NULL
445	Mbuye	NULL	NULL	0	54c68451-2acb-4731-9a74-c762091fee6d	NULL	0	0	0	NULL
974	Mbuye MU	NULL	NULL	0	4c98e549-26b9-4ea1-9216-818651116ad6	NULL	0	0	0	NULL
1158	MCH Clinic	245	Shyira HD	1	2e8c9500-bd41-11ea-aee0-3c6aa7c392cc	Admission Location, Transfer Location	0	0	0	NULL
1159	Mental Health Clinic	245	Shyira HD	0	8b8dad4c-5179-11ea-a500-645d86728797	Admission Location, Internal Medecine Location, Login Location, Mental Health Location, Transfer Location	0	0	60	2026-07-25 06:27:03
309	Mibilizi	NULL	NULL	0	4c88f04d-cc07-4368-bab4-f112aabf0ef2	NULL	0	0	0	NULL
310	Mibilizi HD	NULL	NULL	0	06f0d848-5fc5-464c-972a-022c857be67f	NULL	0	0	0	NULL
826	Mibilizi MU	NULL	NULL	0	c7146e09-0d62-417a-a0e4-74471f12b4d6	NULL	0	0	0	NULL
602	Mimuli MU	NULL	NULL	0	e103f078-9ea1-481f-b809-1446b99fa2af	NULL	0	0	0	NULL
86	Mimuri	NULL	NULL	0	b42c909a-536f-483d-ae93-30ff884a04ff	NULL	0	0	0	NULL
154	Miyove	NULL	NULL	0	c7481de9-9aa8-403e-a116-6afecad26b2e	NULL	0	0	0	NULL
675	Miyove MU	NULL	NULL	0	3e0bbde5-74e2-4a32-908d-bc5e4e6bddf9	NULL	0	0	0	NULL
210	Mpembe	NULL	NULL	0	e4a323f9-a624-46a2-a547-9d5c8accc4d1	NULL	0	0	0	NULL
740	Mpembe MU	NULL	NULL	0	79c6ba67-bcdb-44c4-a1bc-adeac5f08a86	NULL	0	0	0	NULL
230	Mubuga	NULL	NULL	0	6cb9100b-bf77-4e6a-a0b3-e0d2cfd3eb64	NULL	0	0	5	2025-05-08 00:00:00
742	Mubuga MU	NULL	NULL	0	60cfb854-165e-4676-ac1e-c33e8b6cbde9	NULL	0	0	0	NULL
126	Mucaca	NULL	NULL	0	25527606-fe7f-46e5-be95-b1d063370545	NULL	0	0	1	2024-10-06 00:00:00
639	Mucaca MU	NULL	NULL	0	ee37ee4c-5cd7-4103-bfc0-34f750923e78	NULL	0	0	0	NULL
414	Mucubira	NULL	NULL	0	d8a7195b-5a51-46d9-998c-cec003e5a3eb	NULL	0	0	0	NULL
956	Mucubira MU	NULL	NULL	0	a8486a6b-0a31-4fc5-b127-54a9732a28c4	NULL	0	0	0	NULL
292	Mudende	NULL	NULL	0	424c0291-5cff-42f5-92f4-55ac830c2b8d	NULL	0	0	1	2024-12-21 00:00:00
401	MUGANO	NULL	NULL	0	150f91af-7274-411d-8e02-c88112647c71	NULL	0	0	0	NULL
932	Mugano MU	NULL	NULL	0	2a6cf976-7fbc-441a-882f-70f54ef57914	NULL	0	0	0	NULL
425	Muganza	NULL	NULL	0	04c86b1e-9918-481a-aa94-3c2e5301d3b7	NULL	0	0	0	NULL
966	Muganza MU [Nyaruguru]	NULL	NULL	0	98dd3fb2-89c3-4c00-b2dd-c87dd8f2ffb1	NULL	0	0	0	NULL
837	Muganza MU [Rusizi]	NULL	NULL	1	817a5352-4218-41fa-916c-7208eaeea06f	NULL	0	0	0	NULL
279	Mugera	NULL	NULL	0	57c22657-3411-4d7f-b44d-a0443a26aaad	NULL	0	0	0	NULL
806	Mugera MU	NULL	NULL	0	ac900a5c-4413-4d2f-a946-073bb9e3de13	NULL	0	0	0	NULL
369	Mugina	NULL	NULL	0	7be1ccf0-2cdb-49ca-bd3e-98fb65659ebd	NULL	0	0	2	2025-06-23 00:00:00
897	Mugina MU	NULL	NULL	0	28b6055f-d41d-4192-8115-ff26d73631f5	NULL	0	0	0	NULL
340	Mugombwa	NULL	NULL	0	2cb59e74-171d-44c7-b4e9-9aaa2561ff8b	NULL	0	0	0	NULL
864	Mugombwa MU	NULL	NULL	0	c9aa88f1-39e6-4ca2-a638-7d4ff49d254c	NULL	0	0	0	NULL
743	Mugonero	NULL	NULL	0	05919b2c-7fe8-45d3-9008-e71d06fdfc42	NULL	0	0	1	2017-10-05 00:00:00
229	Mugonero HD	NULL	NULL	0	c2d63b30-f6e1-43c1-9408-901c397a33a3	NULL	0	0	0	NULL
728	Mugonero MU	NULL	NULL	0	8184f8bf-82dc-4bf7-9b1d-7d44885c0e20	NULL	0	0	0	NULL
660	MUGUNGA	NULL	NULL	0	f3268be8-7b10-44cc-8b24-a9c4dfe2a9cb	NULL	0	0	1	2024-12-19 00:00:00
84	Muhambo	NULL	NULL	0	9ad69461-4b9b-4672-bed0-6a96a922b735	NULL	0	0	0	NULL
593	Muhambo MU	NULL	NULL	0	53d025e5-27de-4e49-93d3-568f2ef6d6ae	NULL	0	0	0	NULL
912	Muhanga DP	NULL	NULL	0	21f3b0b3-fb72-4af0-b203-6b7f4e5e7efd	NULL	0	0	1	2023-01-22 00:00:00
486	Muhima	NULL	NULL	0	9496a55d-bb9e-41ec-bdac-5c0c0dd50e2b	NULL	0	0	0	NULL
481	Muhima HD	NULL	NULL	0	05f9978c-7de3-4b59-aa10-644a97773028	NULL	0	0	1	2018-03-07 00:00:00
1131	Muhima MU	NULL	NULL	0	67a7047a-c527-4078-98e3-96fa11a8a270	NULL	0	0	0	NULL
151	Muhondo (GAKENKE)	NULL	NULL	0	6cef13d7-090b-4217-b0a2-bd8234f63b56	NULL	0	0	0	NULL
153	Muhondo (GICUMBI)	NULL	NULL	0	62996db9-2da8-49cc-b9ca-2507c2480fa6	NULL	0	0	0	NULL
650	Muhondo MU [Gakenke]	NULL	NULL	0	9c7377c9-3edd-416d-ab9e-731520200ccb	NULL	0	0	1	2023-07-07 00:00:00
682	Muhondo MU [Gicumbi]	NULL	NULL	0	4c60428b-6875-42c5-aae4-0802bf9e9286	NULL	0	0	0	NULL
239	Muhororo	NULL	NULL	0	a7b3cdff-3d51-47fd-bb80-11c069556276	NULL	0	0	0	NULL
240	Muhororo HD	NULL	NULL	0	e13b68ab-dfc9-40e9-847d-3827c7222f6b	NULL	0	0	0	NULL
769	Muhororo MU	NULL	NULL	0	41ee6e95-b853-4cf9-9123-cbe5f8142775	NULL	0	0	0	NULL
178	Muhoza	NULL	NULL	1	c226cf26-a48e-450e-8ce5-c0416a4ac370	NULL	0	0	94	2024-10-27 00:00:00
27	Muhura	NULL	NULL	0	f1d046c0-e556-4b0f-83b4-21964d0a0b47	NULL	0	0	0	NULL
513	Muhura MU	NULL	NULL	0	fe5259f4-0efd-413d-a790-3427b7d1da48	NULL	0	0	0	NULL
583	Muhurire	NULL	NULL	0	725ecfac-dfe4-4815-956a-f81a7a45b975	NULL	0	0	0	NULL
43	Mukarange	NULL	NULL	0	2a757894-d4bf-4375-9728-cbca92e323ac	NULL	0	0	0	NULL
687	Mukarange MU	NULL	NULL	0	8a419450-eeda-4cac-9505-f36476705e9f	NULL	0	0	0	NULL
164	Muko	NULL	NULL	0	a315d613-72d4-4996-9751-5e2754f3ffd5	NULL	0	0	3	2025-11-06 00:00:00
276	Mukoma (NYAMASHEKE)	NULL	NULL	0	0ce97e7f-8f38-4183-b027-d2be7a882178	NULL	0	0	0	NULL
448	Mukoma (RUHANGO)	NULL	NULL	0	83005127-7f25-4d15-b7a7-8df833917fc3	NULL	0	0	0	NULL
807	Mukoma MU [Nyamasheke]	NULL	NULL	0	183448f8-7931-4428-bc89-c8dd3c9aa737	NULL	0	0	0	NULL
885	Mukoma MU [Ruhango]	NULL	NULL	0	6a8e1ce4-c135-4741-9195-98ebc5a925e7	NULL	0	0	0	NULL
167	Mukono	NULL	NULL	0	06510126-d76b-4fd2-88be-703478154df4	NULL	0	0	0	NULL
673	Mukono MU	NULL	NULL	0	756864bb-9b00-473a-9390-c430b777a30c	NULL	0	0	0	NULL
228	Mukungu	NULL	NULL	0	db53830f-dc54-4eb8-a856-cf43ba252c28	NULL	0	0	0	NULL
733	Mukungu MU	NULL	NULL	0	b97d7f29-1ec6-47f0-a8ff-900a6d365be2	NULL	0	0	0	NULL
317	Mukura	NULL	NULL	0	dcaa49b8-8413-4af3-be90-af2d4407485c	NULL	0	0	0	NULL
844	Mukura MU	NULL	NULL	0	9d9ac907-bd8b-4ca7-96d8-8a3caf6ae411	NULL	0	0	0	NULL
709	Mulandi MU	NULL	NULL	0	691b8846-d186-41a9-943d-035a77113f5d	NULL	0	0	0	NULL
166	Mulindi (GICUMBI)	NULL	NULL	0	bcba2aee-29db-4631-a63c-8ff7e3427552	NULL	0	0	0	NULL
66	Mulindi (KIREHE)	NULL	NULL	0	a172fcc0-7e30-41a8-baa8-c63a46112c17	NULL	0	0	0	NULL
684	Mulindi MU [Gicumbi]	NULL	NULL	0	9a087511-1e62-436d-b612-cef342f6f80f	NULL	0	0	0	NULL
565	Mulindi MU [Kirehe]	NULL	NULL	0	625193b1-f5d0-4a3b-aa13-1b6adac217e2	NULL	0	0	0	NULL
519	Munini (GATSIBO)	NULL	NULL	1	7d59d73c-b121-45b1-9c2b-7120bd717c2a	NULL	0	0	0	NULL
435	Munini (NYARUGURU)	NULL	NULL	0	21d8b6b0-0351-400e-907f-a6192fbcfb23	NULL	0	0	0	NULL
424	Munini HD	NULL	NULL	0	9a12abee-33b3-41de-9308-018d3f020643	NULL	0	0	0	NULL
967	Munini MU	NULL	NULL	0	afc65b89-d95c-44c6-bb15-4b99e04c7881	NULL	0	0	0	NULL
109	Munyaga	NULL	NULL	0	0bcbfc2e-e453-406a-a1ef-6af422067901	NULL	0	0	3	2024-08-06 00:00:00
613	Munyaga MU	NULL	NULL	0	5210e95f-5fde-40d6-b2e1-ab7838b3040a	NULL	0	0	0	NULL
165	Munyinya	NULL	NULL	0	b4e28223-cc74-4176-a629-1b6c912aadbe	NULL	0	0	1	2025-11-11 00:00:00
669	Munyinya MU	NULL	NULL	0	b21c6f93-6453-4eb9-936a-920b477f8f64	NULL	0	0	0	NULL
227	Munzanga	NULL	NULL	0	3196a027-1c57-4346-badf-37acd6348a47	NULL	0	0	0	NULL
729	Munzanga MU	NULL	NULL	0	7700f36a-f3ce-4883-8ffa-f9d0ec8b9325	NULL	0	0	1	2025-06-08 00:00:00
237	Muramba	NULL	NULL	0	73d1eaae-1903-4fa6-9ee5-2b9941d225d5	NULL	0	0	112	2026-06-21 00:00:00
768	Muramba MU	NULL	NULL	0	9c340555-01c9-457c-a18d-26fc137cfae3	NULL	0	0	27	2026-06-01 00:00:00
206	Murambi (RULINDO)	NULL	NULL	0	4baa05a5-904a-41f1-9ff8-b0ac79ed5c71	NULL	0	0	0	NULL
722	Murambi (RULINDO) MU	NULL	NULL	0	30ac35fe-4fc0-41ab-9336-83554610debd	NULL	0	0	0	NULL
115	Murambi (RWAMAGANA)	NULL	NULL	0	c135dede-5f26-4932-acb4-cb952efbc27f	NULL	0	0	0	NULL
186	Murandi	NULL	NULL	0	ce50d56d-6f94-4aa9-a476-e452da395f34	NULL	0	0	0	NULL
284	Murara	NULL	NULL	0	92477cae-078a-42f8-87e0-ac9c37989d67	NULL	0	0	0	NULL
820	Murara MU	NULL	NULL	0	d62e5ce9-34c0-417f-a768-720072e85e40	NULL	0	0	0	NULL
616	Murehe	NULL	NULL	0	69a2079e-3427-419b-906d-c0f5035a2237	NULL	0	0	0	NULL
983	Muremera	NULL	NULL	0	2eebe8a9-6312-43c3-9a12-376d16a091f0	NULL	0	0	0	NULL
438	Muremure	NULL	NULL	0	7cc44e0b-4ca2-4340-8d33-e4baf44205a5	NULL	0	0	0	NULL
977	Muremure MU	NULL	NULL	0	768de9c0-8193-40d3-9ad4-089d73d16353	NULL	0	0	0	NULL
316	Murunda	NULL	NULL	0	d0fa2a02-dbf7-46c0-8a05-f9a15677c2c2	NULL	0	0	0	NULL
315	Murunda HD	NULL	NULL	0	e5c4931a-edb0-4580-89cd-bc57a2593d9e	NULL	0	0	0	NULL
855	Murunda MU	NULL	NULL	0	59619b8a-ccf9-41bd-a189-a09576e1089c	NULL	0	0	0	NULL
361	Musambira	NULL	NULL	0	40d52cba-7c5e-4b80-87de-9c688ededf92	NULL	0	0	0	NULL
226	Musango	NULL	NULL	0	0ec0b7c8-c34b-424c-8fe4-a090137cffa8	NULL	0	0	0	NULL
697	Musanze DP	NULL	NULL	0	389f36d6-6864-44ee-a033-f987096da0b6	NULL	0	0	67	2026-07-29 00:00:00
320	Musasa	NULL	NULL	0	62c3f7e8-b996-4903-b5d0-e4ffbd949a32	NULL	0	0	0	NULL
854	Musasa MU	NULL	NULL	0	cbb2ccf9-0f35-4041-aad1-58ca5df21585	NULL	0	0	1	2023-08-18 00:00:00
65	Musaza	NULL	NULL	0	56fe9d33-3f41-429f-a9f3-14c2feadcc38	NULL	0	0	0	NULL
559	Musaza MU	NULL	NULL	0	ea970db6-7973-47df-be5d-0e022f4f04ff	NULL	0	0	0	NULL
388	Musebeya	NULL	NULL	0	0cdf9a1b-8c2a-4c07-a849-d071862db1ad	NULL	0	0	0	NULL
930	Musebeya MU	NULL	NULL	0	5d40ff69-a315-4217-9790-d9570749c5be	NULL	0	0	0	NULL
601	Musenyi	NULL	NULL	0	87c4f127-bf07-4980-9a1d-d837606b6bce	NULL	0	0	1	2023-04-08 00:00:00
163	Musenyi (GICUMBI)	NULL	NULL	0	4daa079a-45bf-43a0-813e-0ccbd89a9ef5	NULL	0	0	0	NULL
686	Musenyi MU	NULL	NULL	0	c499b440-57cc-4ebc-93ac-1ef9208b54af	NULL	0	0	0	NULL
341	Musha (GISAGARA)	NULL	NULL	0	000bb2fa-8d75-4bab-ae53-71d4865c78ca	NULL	0	0	0	NULL
104	Musha (RWAMAGANA)	NULL	NULL	0	729ad5f6-b7db-49ee-b3a1-c800c6db3f48	NULL	0	0	0	NULL
868	Musha MU [Gisagara]	NULL	NULL	0	36a0e0fa-43bc-4d1a-b0a4-2fe42a2d8dd6	NULL	0	0	0	NULL
610	Musha MU [Rwamagana]	NULL	NULL	0	c8cfb70e-e9e9-47c2-835c-31dde489572b	NULL	0	0	0	NULL
299	Mushaka	NULL	NULL	0	f9994d85-c581-4035-a7c4-6eb055596712	NULL	0	0	0	NULL
824	Mushaka MU	NULL	NULL	0	021c9593-4e00-4982-888e-f600d8660fdc	NULL	0	0	0	NULL
551	Mushikiri	NULL	NULL	0	a4d55862-3f4c-40eb-8d31-a025abf2e805	NULL	0	0	0	NULL
555	Mushikiri MU	NULL	NULL	0	c94df106-fe01-4fe9-b076-c3cec0b04a9f	NULL	0	0	0	NULL
377	Mushishiro	NULL	NULL	0	2fef706d-130c-49fb-92f1-9af9ba1c39af	NULL	0	0	0	NULL
915	Mushishiro MU	NULL	NULL	0	163d21eb-d3d2-470e-a9a4-df4b22ac49c2	NULL	0	0	0	NULL
193	Mushongi	NULL	NULL	0	c153aa08-2a90-48d6-9586-2f1463b8abf8	NULL	0	0	0	NULL
321	Mushubati	NULL	NULL	0	236dbc9c-6deb-49d1-a32f-21cf324b82c7	NULL	0	0	0	NULL
838	Mushubati MU	NULL	NULL	0	97b09f90-6383-4186-a5af-c8bd117409b7	NULL	0	0	0	NULL
389	Mushubi	NULL	NULL	0	e025388a-d1a1-4e45-b6cf-a6a4ed49a856	NULL	0	0	0	NULL
929	Mushubi MU	NULL	NULL	0	cc473be9-067e-49d4-ba95-515ae22c5b01	NULL	0	0	0	NULL
787	Mutaho	NULL	NULL	0	77aa5847-4be7-4257-9af1-39a85e5edbea	NULL	0	0	3	2023-12-01 00:00:00
74	Mutenderi	NULL	NULL	0	8dada5dc-8ceb-4f08-9b6e-772384cc42e9	NULL	0	0	0	NULL
569	Mutenderi MU	NULL	NULL	0	2fcea965-78a1-4ed7-89e5-311c03cdbca7	NULL	0	0	0	NULL
265	Muyange	NULL	NULL	0	5ea54028-81f0-4c88-9552-53710dae1aa2	NULL	0	0	1	2024-11-11 00:00:00
810	Muyange MU	NULL	NULL	0	cafc8f01-5166-4507-b4c2-f5b5307a9501	NULL	0	0	0	NULL
202	Muyanza	NULL	NULL	0	51b08559-2e28-4ffe-bbd9-2d3d4e211cce	NULL	0	0	0	NULL
721	Muyanza MU	NULL	NULL	0	6eda70ba-0326-482a-a5f7-cbca5d27fccf	NULL	0	0	0	NULL
105	Muyumbu	NULL	NULL	0	af48c023-2049-41e8-8e26-d00c84697586	NULL	0	0	0	NULL
611	Muyumbu MU	NULL	NULL	0	8565b94e-a9c8-4101-a13b-adc5f93eadcb	NULL	0	0	0	NULL
443	Muyunzwe	NULL	NULL	0	2250e518-003a-48b3-b54e-aaa401103f4b	NULL	0	0	0	NULL
978	Muyunzwe MU	NULL	NULL	0	e98c8e2a-cafc-463f-80d0-d2cca126b225	NULL	0	0	0	NULL
863	Muzenga	NULL	NULL	1	c9076c38-1a30-4c7a-a7b9-6e47df34bd2a	NULL	0	0	0	NULL
224	Mwendo	NULL	NULL	0	a7624c16-97d5-4a9a-9b4d-0b28b9242250	NULL	0	0	0	NULL
484	Mwendo (NYARUGENGE)	NULL	NULL	0	b2e47111-25ed-41de-8f8d-1fca666d2f3d	NULL	0	0	0	NULL
980	Mwendo (Ruhango)	NULL	NULL	0	3cfd5f6e-dda4-4ce8-b377-bf8610f90d24	NULL	0	0	0	NULL
745	Mwendo MU [Karongi]	NULL	NULL	0	76eebf5f-7ad3-4a31-a264-dae06761da15	NULL	0	0	0	NULL
1085	Mwendo MU [Nyarungenge]	NULL	NULL	0	29d46ad6-abc0-4c9a-bf6b-bf251f31f96a	NULL	0	0	0	NULL
415	Mweya	NULL	NULL	0	484ac73d-cd17-412b-8e35-a4d91a6f0355	NULL	0	0	0	NULL
945	Mweya MU	NULL	NULL	0	e1b462de-6300-4e58-9e2e-3497574c27da	NULL	0	0	0	NULL
269	Mwezi	NULL	NULL	0	09425a29-4456-48af-9566-186b9b037887	NULL	0	0	0	NULL
804	Mwezi MU	NULL	NULL	0	5289d658-cd77-4b0c-86e8-7b254601a41e	NULL	0	0	0	NULL
246	Mwiyanike	NULL	NULL	0	6e2c14ca-3db5-4d74-8dd2-aadfe3dac4bc	NULL	0	0	2	2024-10-10 00:00:00
776	Mwiyanike MU	NULL	NULL	0	372d920f-8270-4027-955e-38cc4ff644d4	NULL	0	0	0	NULL
15	Mwogo	NULL	NULL	0	561281ab-53e9-47d4-ab21-c3b16adf289e	NULL	0	0	1	2025-04-21 00:00:00
499	Mwogo MU	NULL	NULL	0	39dd1cf5-b69c-49c8-8bc0-d0830a554ffc	NULL	0	0	0	NULL
57	Nasho	NULL	NULL	0	aeb2edaf-980e-46c1-ba17-bf877ad0ae53	NULL	0	0	0	NULL
554	Nasho MU	NULL	NULL	0	c7a9f63b-4257-442c-ae85-dff0c9b835e7	NULL	0	0	0	NULL
1160	NCD Clinic	245	Shyira HD	0	b7cfea60-5179-11ea-a500-645d86728797	Login Location, NCD Location	0	0	483	2026-07-29 12:09:07
92	Ndama	NULL	NULL	0	5385ec45-d744-4c23-a369-e9c7104be114	NULL	0	0	0	NULL
760	Ndaro	NULL	NULL	0	c0b0e0d8-0e6b-43ec-9bae-483181d320a9	NULL	0	0	0	NULL
47	Ndego	NULL	NULL	0	1debcac0-7baf-43cc-990b-4535145c69b6	NULL	0	0	1	2025-09-26 00:00:00
536	Ndego MU	NULL	NULL	0	f668b1bc-b832-4a7d-94ad-38f72e32d1ff	NULL	0	0	0	NULL
454	Nduba	NULL	NULL	0	76f424ca-a825-4f86-bc74-9cc114c26a46	NULL	0	0	0	NULL
652	Nemba	NULL	NULL	0	bcf30615-351a-408d-85b1-107ff02e5a1f	NULL	0	0	3	2025-03-10 00:00:00
137	Nemba HD	NULL	NULL	0	c7d1f690-b654-409e-8ece-dec6d7f9ee54	NULL	0	0	1	2021-12-23 00:00:00
661	Nemba MU	NULL	NULL	0	f9cebdb9-9733-45a4-9b24-f5b8bdfaa6bd	NULL	0	0	0	NULL
1170	Neonatology Department	245	Shyira HD	0	41405056-5dc6-42a7-a9f8-c04c324fad79	Admission Location, Internal Medecine Location, Login Location, Neonatology Location, Transfer Location	0	0	6486	2026-07-30 00:00:39
263	Ngange	NULL	NULL	0	73e7c531-4a2e-44fc-b3f7-a9bb2ea607fd	NULL	0	0	0	NULL
803	Ngange MU	NULL	NULL	0	e8637116-6641-4bcf-a41e-52327ceb2eae	NULL	0	0	0	NULL
395	Ngara	NULL	NULL	0	c224b0a8-d862-4f4e-a51e-96c67bde63b7	NULL	0	0	0	NULL
933	Ngara MU	NULL	NULL	0	14251ab6-f301-42c3-bc7f-105c2fb6dc17	NULL	0	0	0	NULL
30	Ngarama	NULL	NULL	0	1f726738-f007-4951-8bc3-c144e8bda6c2	NULL	0	0	0	NULL
26	Ngarama HD	NULL	NULL	0	93e59c54-df61-41e6-987d-c2a9e0ae4352	NULL	0	0	0	NULL
509	Ngarama MU	NULL	NULL	0	6344d279-347b-4400-91f5-2057eeb5cf5f	NULL	0	0	0	NULL
432	Ngera	NULL	NULL	0	3f7e9c42-6454-4c34-996d-d734bed62fd6	NULL	0	0	0	NULL
4	NGERUKA	NULL	NULL	0	d1f86a18-1af0-4a89-b454-f749fb711aac	NULL	0	0	0	NULL
433	Ngoma	NULL	NULL	0	df84a5c7-4d35-4c1c-8d55-c066de5a1416	NULL	0	0	0	NULL
568	Ngoma DP	NULL	NULL	0	b4746eca-d5cf-4770-b422-98704d8f0c76	NULL	0	0	0	NULL
971	Ngoma MU	NULL	NULL	0	929b9745-54eb-4071-84bd-c5c1574e0fad	NULL	0	0	0	NULL
756	Ngororero DP	NULL	NULL	0	cfe73ea8-b59e-494b-bedf-83f8580facdb	NULL	0	0	2	2025-03-04 00:00:00
298	Nkanka	NULL	NULL	0	2397f219-99c8-428a-a726-4d2b33687f65	NULL	0	0	0	NULL
827	Nkanka MU	NULL	NULL	0	3e403c30-8c43-464e-9ba0-d436f64057ac	NULL	0	0	0	NULL
297	Nkombo	NULL	NULL	0	c1e9b9c2-d61e-4897-8ede-9a8055a48a4e	NULL	0	0	0	NULL
829	Nkombo MU	NULL	NULL	0	c45d85e0-af54-422f-862a-c2a5ada1f26f	NULL	0	0	0	NULL
306	Nkungu	NULL	NULL	0	64f756fe-369e-4672-8ff0-94ed23c3b10a	NULL	0	0	0	NULL
828	Nkungu MU	NULL	NULL	0	aad75889-c0e9-42e7-a03f-9e3bec2e1b9e	NULL	0	0	0	NULL
238	Ntaganzwa	NULL	NULL	0	eb3bc327-4faf-4a9c-8b43-6ba181844b03	NULL	0	0	0	NULL
767	Ntaganzwa MU	NULL	NULL	0	a4a2953d-6152-4df7-a199-dc74ed30a008	NULL	0	0	0	NULL
2	Ntarama	NULL	NULL	0	162bc695-2a78-460e-a160-2959a91ac1b9	NULL	0	0	0	NULL
119	Ntaruka (BURERA)	NULL	NULL	0	e1572598-1c5e-422c-85ef-c09fd40ba9e1	NULL	0	0	0	NULL
56	Ntaruka (KIREHE)	NULL	NULL	0	781df0af-bdd3-45de-bd5e-ac8f1ecbee44	NULL	0	0	0	NULL
633	Ntaruka MU [Burera]	NULL	NULL	0	59a0f56a-05ab-41a1-a32c-e9df477cc97e	NULL	0	0	0	NULL
552	Ntaruka MU [Kirehe]	NULL	NULL	0	bd666f0d-49ed-4004-831b-2d0965e7c499	NULL	0	0	0	NULL
231	Ntobwe 	NULL	NULL	0	a5b33308-6211-439a-bece-02d7e617e198	NULL	0	0	0	NULL
762	Ntobwe MU	NULL	NULL	0	5c4d9395-0eab-42a7-8f1f-a93cb833d2f7	NULL	0	0	0	NULL
85	Ntoma	NULL	NULL	0	e6e8afa3-b033-4ef4-bdd2-c2f9482b6bfe	NULL	0	0	0	NULL
598	Ntoma MU	NULL	NULL	0	49fadab2-cb8e-42b1-bba9-2daddf17f86c	NULL	0	0	0	NULL
412	Ntyazo	NULL	NULL	0	247605c8-5e6b-40a4-8a5c-2392098d2990	NULL	0	0	0	NULL
948	Ntyazo MU	NULL	NULL	0	15e7a80c-cf10-4595-8b9e-672de01d4a94	NULL	0	0	0	NULL
1176	Nursing Station	245	Shyira HD	0	2a3b1237-85e6-4bbb-9473-486e8570b26d	Internal Medecine Location, Login Location, Nursing Location	0	0	144	2026-07-25 18:20:06
20	Nyabiheke	NULL	NULL	1	b7c44712-05de-4345-896a-f486f66d9fa0	NULL	0	0	5	2023-10-20 00:00:00
523	Nyabiheke MU	NULL	NULL	0	39e7d801-a294-43a2-8453-cd655433612c	NULL	0	0	0	NULL
777	Nyabihu DP	NULL	NULL	0	b6005ab6-c062-45ee-b9da-a2997f6a3ccc	NULL	0	0	2	2024-10-17 00:00:00
381	Nyabikenke	NULL	NULL	0	c2d85629-ffa8-4a0e-a140-08b12d36e771	NULL	0	0	5	2024-12-04 00:00:00
914	Nyabikenke MU	NULL	NULL	0	64970ac4-0148-4ca3-8f3c-777fa8c71116	NULL	0	0	0	NULL
423	Nyabimata	NULL	NULL	0	d2a36a82-abe2-433b-ad9e-a724d0bb350f	NULL	0	0	1	2025-02-10 00:00:00
965	Nyabimata MU	NULL	NULL	0	87aa0c0a-178e-4002-a793-3f1215b94453	NULL	0	0	0	NULL
376	Nyabinoni	NULL	NULL	0	e0a0cfaa-1424-4157-8f95-c50cbb79c559	NULL	0	0	337	2026-07-23 00:00:00
905	Nyabinoni MU	NULL	NULL	0	3ab8afed-a6c6-43ce-b3d8-77fb32b6314e	NULL	0	0	71	2026-06-30 00:00:00
322	Nyabirasi	NULL	NULL	0	c5733c5e-d53f-48ee-828f-0bc747ed3db3	NULL	0	0	1	2025-04-15 00:00:00
847	Nyabirasi MU	NULL	NULL	0	4acdc2d8-caeb-4dff-b91d-49fd12891209	NULL	0	0	0	NULL
526	Nyabisindu	NULL	NULL	0	83780b4f-fae2-4aa7-8e64-c9ffdd7f01bb	NULL	0	0	0	NULL
58	Nyabitare	NULL	NULL	0	cd130f0f-2c07-452d-b901-1fc737fac244	NULL	0	0	0	NULL
558	Nyabitare MU	NULL	NULL	0	8c3b77a0-31fd-40e2-bed4-652aa89a8ea4	NULL	0	0	0	NULL
303	Nyabitimbo	NULL	NULL	0	6d51dd71-87de-4571-acf8-4f7890c065a8	NULL	0	0	0	NULL
834	Nyabitimbo MU	NULL	NULL	0	4d5ebf4f-eee3-4f68-a6df-446114c692f1	NULL	0	0	0	NULL
102	Nyabwishongwezi	NULL	NULL	1	53f49733-211c-4f5d-b6f9-7ad4ea2b2cb8	NULL	0	0	0	NULL
465	Nyacyonga	NULL	NULL	0	04473b04-8579-44a4-b19c-6b526d1af4bb	NULL	0	0	0	NULL
1025	Nyacyonga MU	NULL	NULL	0	8e9baa30-5ca9-4391-9e98-69e55ad9200e	NULL	0	0	0	NULL
25	Nyagahanga	NULL	NULL	0	acbb0b68-c92b-453c-bf38-277917137dc8	NULL	0	0	0	NULL
524	Nyagahanga MU	NULL	NULL	0	55582101-b627-4da4-936d-ba8f8c75a4e5	NULL	0	0	0	NULL
101	Nyagahita	NULL	NULL	0	ea7bf080-00a5-458c-aa5c-16b72ddd20c5	NULL	0	0	0	NULL
591	Nyagahita MU	NULL	NULL	0	910e8873-cb7d-40ba-9988-05a860ea2809	NULL	0	0	0	NULL
106	Nyagasambu	NULL	NULL	0	c0bd5ed6-d4c7-49ce-9968-d58ded3ee976	NULL	0	0	5	2024-03-12 00:00:00
615	Nyagasambu MU	NULL	NULL	0	1a74d279-f604-47e7-a7c2-ee64922f5a56	NULL	0	0	0	NULL
581	Nyagasozi	NULL	NULL	0	f5727024-2435-442d-a1c4-46cc773641f7	NULL	0	0	0	NULL
100	Nyagatare	NULL	NULL	0	4ae2a697-8f2e-4f21-a5aa-75f40738900f	NULL	0	0	2	2025-10-18 00:00:00
604	Nyagatare DP	NULL	NULL	0	f8d2975c-4799-43b5-9119-2b698f865d8f	NULL	0	0	0	NULL
98	Nyagatare HD	NULL	NULL	0	74cfd3fa-ab0a-4739-8fa7-39b99feb0e12	NULL	0	0	0	NULL
605	Nyagatare MU	NULL	NULL	0	4b006202-59ff-4d0c-94ca-817131eb6df6	NULL	0	0	0	NULL
370	Nyagihamba	NULL	NULL	0	5b5a45fc-3dac-4b82-8acf-d31f72518e07	NULL	0	0	0	NULL
889	Nyagihamba MU	NULL	NULL	0	2f181dac-11aa-4033-8480-a9a557769e3c	NULL	0	0	0	NULL
24	Nyagihanga	NULL	NULL	0	81fdd494-2823-4e52-9e95-7be66a0bd7c9	NULL	0	0	0	NULL
527	Nyagihanga MU	NULL	NULL	0	fe1bf86a-ae2a-445a-af3d-f7f4b509dbd2	NULL	0	0	0	NULL
48	Nyakabungo	NULL	NULL	0	5f611867-d026-4209-8380-03c54e1633fc	NULL	0	0	0	NULL
540	Nyakabungo MU	NULL	NULL	0	3177e6fa-3d1f-483f-8554-7e8cb8cb6e15	NULL	0	0	0	NULL
113	Nyakaliro	NULL	NULL	0	8c107faa-48b9-4d8d-b138-5261437d945e	NULL	0	0	0	NULL
305	Nyakarenzo CS	NULL	NULL	0	0becab52-0cfa-4f9f-bbf4-1c13a79caf30	NULL	0	0	0	NULL
614	Nyakariro MU	NULL	NULL	0	cd9a413d-b791-444f-9aab-cd00a04bb9d6	NULL	0	0	0	NULL
99	Nyakigando	NULL	NULL	0	8114138e-8a0a-4026-840d-52320775a81e	NULL	0	0	0	NULL
261	Nyakigezi	NULL	NULL	0	d2dccd16-438d-4a2d-a4f8-6749dd04d60d	NULL	0	0	931	2026-07-24 00:00:00
783	Nyakigezi MU	NULL	NULL	0	9fca926a-3a99-4f4b-92ee-342745262285	NULL	0	0	167	2026-07-12 00:00:00
260	Nyakiliba	NULL	NULL	0	2113f4b8-96be-4875-b613-b62dabd7f356	NULL	0	0	285	2026-07-27 00:00:00
782	Nyakiliba MU	NULL	NULL	0	a97b920d-aebc-46ed-b8ec-c106dbe7d423	NULL	0	0	51	2026-07-26 00:00:00
187	Nyakinama	NULL	NULL	0	97c9c3f4-cd44-4bdb-a8ff-90b07a009048	NULL	0	0	202	2026-06-28 00:00:00
698	Nyakinama MU	NULL	NULL	0	8296011f-1dfd-4841-8632-e6a056749212	NULL	0	0	57	2026-06-19 00:00:00
391	Nyamagabe	NULL	NULL	0	0b4ac0d1-fbf3-4647-b77d-57b57af09396	NULL	0	0	0	NULL
925	Nyamagabe DP	NULL	NULL	0	f66c74ae-3ca5-43ae-a85a-37443e314ee2	NULL	0	0	0	NULL
922	Nyamagabe MU	NULL	NULL	0	0b6902ec-bc3b-4e3f-ab69-c471a562a7fa	NULL	0	0	0	NULL
267	Nyamasheke	NULL	NULL	0	0a9d8c6d-c278-41dd-ad27-9c2cf3a0b86b	NULL	0	0	0	NULL
801	Nyamasheke DP	NULL	NULL	0	f612888e-ffb9-4d76-80ab-29c9494b43b4	NULL	0	0	0	NULL
794	Nyamasheke MU	NULL	NULL	0	6be3a1d9-849a-4019-aa76-0b2c9f1dbc3b	NULL	0	0	0	NULL
16	Nyamata	NULL	NULL	0	95d069b1-efb9-4f6e-9a56-6b3c9e5c251a	NULL	0	0	0	NULL
9	Nyamata HD	NULL	NULL	0	762d8a79-2639-4c7b-a41f-d954033512c1	NULL	0	0	0	NULL
502	Nyamata MU	NULL	NULL	0	390f5ef2-3b9f-4c2f-97c3-e7663831f23d	NULL	0	0	0	NULL
49	Nyamirama	NULL	NULL	0	0a0484ed-f307-4c6f-895d-fcf89980a490	NULL	0	0	0	NULL
534	Nyamirama MU	NULL	NULL	0	ea2500f6-b3bc-407b-9226-724e7b4fd41c	NULL	0	0	0	NULL
759	Nyamisa	NULL	NULL	0	eec2cdc9-c3dc-4c12-8f0d-8bc9123cb52a	NULL	0	0	0	NULL
409	Nyamiyaga	NULL	NULL	0	4b85e27c-b9e2-4f7e-a6ec-2a09d706f219	NULL	0	0	0	NULL
938	Nyamiyaga MU	NULL	NULL	0	9bf7ce5a-6869-4ea4-88d4-2b53ca08e27d	NULL	0	0	0	NULL
124	Nyamugali	NULL	NULL	0	94077b5b-411d-4686-90a1-e9e055ba7674	NULL	0	0	1	2013-04-02 00:00:00
627	Nyamugari MU	NULL	NULL	0	e0c81820-518b-499b-8641-d49a0c6fa89f	NULL	0	0	0	NULL
413	Nyamure	NULL	NULL	0	4ce0336b-ca80-4360-bb6c-94bc856f66a5	NULL	0	0	0	NULL
937	Nyamure MU	NULL	NULL	0	3378c8a1-bbed-4cf8-aae8-f2dd499a912b	NULL	0	0	0	NULL
434	Nyamyumba	NULL	NULL	0	ed6803dc-7731-40e9-ae59-c014c7e6d152	NULL	0	0	0	NULL
972	Nyamyumba MU	NULL	NULL	0	f821f42d-3ef6-4789-9d1f-e320230fc94c	NULL	0	0	0	NULL
78	Nyange (NGOMA)	NULL	NULL	0	5f119d10-4d6b-432f-aac3-c8acb4ba26cd	NULL	0	0	0	NULL
133	Nyange (Ruli)	NULL	NULL	0	763f1dab-fb5c-446d-8da4-59cabadda384	NULL	0	0	1	2025-07-20 00:00:00
232	Nyange A	NULL	NULL	0	947f0af5-a849-407a-ab58-b32693e8050c	NULL	0	0	27	2026-05-25 00:00:00
233	Nyange B	NULL	NULL	0	deadd6d1-b91f-4a61-935b-2be61b94fa63	NULL	0	0	1	2025-12-13 00:00:00
647	Nyange MU [Gakenke]	NULL	NULL	0	65cc2e57-afee-4efd-9940-37d55dc2e9f5	NULL	0	0	2	2025-02-03 00:00:00
579	Nyange MU [Ngoma]	NULL	NULL	0	ff1f73c1-caa3-443f-8d93-1b9789565e39	NULL	0	0	0	NULL
755	NyangeA MU	NULL	NULL	0	7d2e32e0-1b66-437b-9cca-d6d275443aa1	NULL	0	0	4	2024-12-20 00:00:00
765	NyangeB MU	NULL	NULL	0	b8d3f80d-5e66-4cd7-a9f3-b385b1797e4e	NULL	0	0	1	2024-08-09 00:00:00
422	Nyantanga	NULL	NULL	0	547d768d-685c-40e7-9789-852a20d4afc2	NULL	0	0	0	NULL
968	Nyantanga MU	NULL	NULL	0	1c65e23c-0dbe-476b-a332-9b8880d21ee2	NULL	0	0	0	NULL
416	Nyanza	NULL	NULL	0	1ab124a8-d57a-4995-a5ec-878c24ec2749	NULL	0	0	1	2023-07-18 00:00:00
947	Nyanza DP	NULL	NULL	0	557aad38-a144-4a11-8c0f-914994a059bd	NULL	0	0	0	NULL
411	Nyanza HD	NULL	NULL	0	088905f3-e7f2-4dd5-a8b0-846481bd1885	NULL	0	0	1	2025-02-27 00:00:00
954	Nyanza MU	NULL	NULL	0	2cd0484d-7a09-49ca-91a0-e4841fa84956	NULL	0	0	0	NULL
59	Nyarubuye (KIREHE)	NULL	NULL	0	cd38931f-77a3-4a6c-93d9-20b6539889cc	NULL	0	0	0	NULL
701	Nyarubuye (MUSANZE)	NULL	NULL	0	c60e7556-8dfe-450a-a6fc-94a38c26dae1	NULL	0	0	0	NULL
553	Nyarubuye MU	NULL	NULL	0	304cb79e-14ef-424c-b808-7c9d7a552fa7	NULL	0	0	0	NULL
1114	Nyarugenge DP	NULL	NULL	0	9b749882-a25c-4157-9231-ec09bdb3e4ab	NULL	0	0	3	2019-10-09 00:00:00
478	Nyarugunga	NULL	NULL	0	24016001-d38b-4f79-b427-428bc2e8c4ca	NULL	0	0	0	NULL
962	Nyaruguru DP	NULL	NULL	0	6c1ae98c-b24e-49cc-8529-bfe5ccf69b4e	NULL	0	0	0	NULL
449	Nyarurama	NULL	NULL	0	52785853-3aea-40aa-9423-f0f9a5c5f192	NULL	0	0	0	NULL
986	Nyarurama MU	NULL	NULL	0	0e2a296e-eef1-4e98-8d89-beef0548142a	NULL	0	0	0	NULL
97	Nyarurema	NULL	NULL	0	3ca2c893-95a0-400c-8e6a-212bdfdff4c0	NULL	0	0	0	NULL
607	Nyarurema MU	NULL	NULL	0	9cf17181-aa3b-4cbd-a676-c9b130671ef8	NULL	0	0	0	NULL
380	Nyarusange (MUHANGA)	NULL	NULL	0	ccefe572-5ecb-4ffd-ad1d-0e689835ffe5	NULL	0	0	0	NULL
418	Nyarusange (NYANZA)	NULL	NULL	0	ed86d360-90d8-4122-bc64-3f912d0c2351	NULL	0	0	0	NULL
909	Nyarusange MU [Muhanga]	NULL	NULL	0	e23345ff-a0a2-4f83-b435-e118edbac8e7	NULL	0	0	0	NULL
952	Nyarusange MU [Nyanza]	NULL	NULL	0	464ba73d-f76e-493b-81de-5954be05328d	NULL	0	0	0	NULL
392	Nyarusiza	NULL	NULL	0	70db32a6-ff72-47a5-897a-78eb6a6ea98b	NULL	0	0	0	NULL
927	Nyarusiza MU	NULL	NULL	0	aba4af8d-7e1d-41cd-a3ef-27a8fd6802d7	NULL	0	0	0	NULL
393	Nyarwungo	NULL	NULL	0	05571539-288f-4600-917f-10cd508c55aa	NULL	0	0	0	NULL
926	Nyarwungo MU	NULL	NULL	0	13aa7721-b4b6-4ddb-9900-dd7cbe940565	NULL	0	0	0	NULL
599	Nyendo	NULL	NULL	0	c5b5aa7a-5424-4ff5-8f09-1869304ca721	NULL	0	0	0	NULL
134	Nyundo (GAKENKE)	NULL	NULL	0	9df68926-e814-4a8b-823a-2690094c6e8d	NULL	0	0	77	2026-07-29 00:00:00
293	Nyundo (RUBAVU)	NULL	NULL	0	7542726e-103a-41f6-a089-936d6d1477d0	NULL	0	0	3	2026-01-20 00:00:00
654	Nyundo MU [Gakenke]	NULL	NULL	0	f3dcd92c-7bdc-4cff-a29c-54de8bb036b8	NULL	0	0	14	2026-06-04 00:00:00
819	Nyundo MU [Rubavu]	NULL	NULL	0	60a2ef76-3a3d-469a-a8bf-bf7f51b28a33	NULL	0	0	0	NULL
8	Nzangwa	NULL	NULL	0	063a0031-ef72-4efc-901c-263abaa82583	NULL	0	0	0	NULL
494	Nzangwa MU	NULL	NULL	0	f6e7f06a-680b-42de-946b-8b82d41a76cb	NULL	0	0	0	NULL
108	Nzige	NULL	NULL	0	51749acf-df67-4558-99a3-f7d724da865f	NULL	0	0	0	NULL
609	Nzige MU	NULL	NULL	0	3987a845-3760-41f5-92d2-0b1eabd87dcd	NULL	0	0	0	NULL
1175	Ophtalmology Department	245	Shyira HD	0	c35d21e0-43c8-4475-b508-af22c75a2e5a	Login Location, Ophtalmology Location, Outpatient Location, Transfer Location	0	0	12	2026-07-21 17:00:10
1161	Outpatient Clinic	245	Shyira HD	0	267a0c52-5179-11ea-a500-645d86728797	Login Location, Outpatient Location	0	0	5971	2026-07-29 16:53:33
1104	PCK/Gitega	NULL	NULL	0	8af4c4de-8326-4242-91f6-9f05711dbd3f	NULL	0	0	0	NULL
1142	PCK/Gitega MU	NULL	NULL	0	461e620c-5624-4e7a-9333-9f2306d1bbee	NULL	0	0	0	NULL
1166	Pediatrics Ward	245	Shyira HD	0	fc3de5be-93d5-42bb-9974-97e22b127f81	Admission Location, Internal Medecine Location, Login Location, Outpatient Location, Pediatrics Ward, Transfer Location	0	0	4441	2026-07-29 13:35:00
1162	Pharmacy	245	Shyira HD	0	0fff0fae-ff2c-11ea-85b1-3c6aa7c392cc	Billing Location, Login Location, Pharmacy Location	0	0	8	2025-10-08 00:00:00
1173	Physiotherapy Department	245	Shyira HD	0	72581de9-4a6b-4ce0-a01f-5b4fd3cec4bf	Login Location, Outpatient Location, Physiotherapy Location, Transfer Location	0	0	17	2026-07-29 16:40:07
1135	Pineda Dental Clin	NULL	NULL	0	0cf1e495-c4ca-4357-a9af-8ef4f6e0a190	NULL	0	0	0	NULL
1134	PolyClin Du Bon Berger	NULL	NULL	0	f19cb233-6407-47e2-a97a-fdcf5748c2e6	NULL	0	0	0	NULL
1107	PolyClin Harmonie	NULL	NULL	0	f7fe3d98-789d-477d-ac33-c4d09e663db1	NULL	0	0	0	NULL
1133	PolyClin La Biomed	NULL	NULL	0	0bef6c09-621a-489d-b554-f5dbdba4b701	NULL	0	0	0	NULL
1120	PolyClin Med Naroda	NULL	NULL	0	f1ef8720-5e97-42c0-af8f-d15f9ba1112f	NULL	0	0	0	NULL
882	Prison Butare	NULL	NULL	1	cc10ef3a-522f-42ad-b2f2-3b7c4d5369f7	NULL	0	0	0	NULL
825	Prison Cyangugu	NULL	NULL	0	6d6a2772-1acc-4b05-86d6-01a139301d43	NULL	0	0	0	NULL
934	Prison Gikongoro	NULL	NULL	0	7be5ee35-71e9-40e2-837b-a492174002a1	NULL	0	0	0	NULL
823	Prison Gisenyi	NULL	NULL	0	8fb8b626-e59d-40cb-95b6-e99ea66197c4	NULL	0	0	0	NULL
813	Prison Gisenyi MU	NULL	NULL	0	3b59b4fb-8ba8-493e-8d0c-fa44ee992916	NULL	0	0	0	NULL
910	Prison Gitarama	NULL	NULL	0	69497cb9-b78e-4988-9c4f-226ebb176aba	NULL	0	0	0	NULL
903	Prison Gitarama MU	NULL	NULL	0	e02a14ab-d85d-455e-b4ec-f4422a04e954	NULL	0	0	0	NULL
873	Prison Karubanda	NULL	NULL	0	7c891e21-114c-4a13-9bcf-d33c37f8f0de	NULL	0	0	0	NULL
875	Prison Karubanda MU	NULL	NULL	0	887b671f-3cb6-4fc1-94f5-1e6813b8ba2b	NULL	0	0	0	NULL
582	Prison Kibungo	NULL	NULL	0	6c2ae567-384f-4b18-9e33-aae064f5baca	NULL	0	0	0	NULL
1004	Prison Kimironko	NULL	NULL	0	fd3f0ec0-5ae4-46af-bd89-edcb8a97d7ab	NULL	0	0	0	NULL
680	Prison Miyove	NULL	NULL	0	c0dfc30d-e94c-4a14-a128-ae7069696552	NULL	0	0	0	NULL
944	Prison Mpanga	NULL	NULL	0	69282e47-02e6-42e1-b57a-1321ef962dea	NULL	0	0	0	NULL
941	Prison Mpanga MU	NULL	NULL	1	26ca0a14-57c8-4194-ae38-0d4317ba07ee	NULL	0	0	0	NULL
619	PRISON Nsinda	NULL	NULL	0	f440d2f7-b593-448c-a9da-d4e1a20ff93a	NULL	0	0	0	NULL
603	Prison Nyagatare	NULL	NULL	0	5023ea0a-e507-401b-bf7c-e3f175e5017a	NULL	0	0	0	NULL
943	Prison Nyanza	NULL	NULL	0	4f894a7b-0f9f-433a-b666-3480fee16264	NULL	0	0	0	NULL
1028	Prison Remera MU	NULL	NULL	0	faa34c1d-b4ba-4909-875f-a5773b5d60f1	NULL	0	0	0	NULL
495	Prison Rilima (via CS)	NULL	NULL	0	d049d55b-300a-42b6-9a23-9199fff4974e	NULL	0	0	0	NULL
498	Prison Rilima MU	NULL	NULL	0	94ff4774-45f5-44b2-9b87-a94808358e9d	NULL	0	0	0	NULL
699	PRISON RUHENGERI	NULL	NULL	0	021dd93a-0990-4956-ac3f-bd196d9eb23a	NULL	0	0	1	2022-11-29 00:00:00
1178	Radiology service	245	Shyira HD	0	3ee471da-6be4-408e-83d3-1f2e7caa6a5e	Admin Location, Billing Location, Login Location, Radiology Location	0	0	23	2026-07-06 14:50:17
244	Ramba	NULL	NULL	0	1f3590ea-cba9-4cba-9a7b-dc41ebe9f212	NULL	0	0	3	2022-06-20 00:00:00
770	Ramba MU	NULL	NULL	0	9c93058e-44bd-407f-b970-263d5c93f427	NULL	0	0	1	2019-06-11 00:00:00
259	Rambura	NULL	NULL	0	d9230438-1e59-4f7e-bb24-820bf55730f6	NULL	0	0	5	2025-05-29 00:00:00
773	Rambura MU	NULL	NULL	0	d04faa37-317a-4201-b6f3-cfd71761e27c	NULL	0	0	1	2023-01-05 00:00:00
270	Rangiro	NULL	NULL	0	0cef3a51-a8b0-4b4f-a36b-e61384d70631	NULL	0	0	0	NULL
809	Rangiro MU	NULL	NULL	0	0439899e-ca49-4c88-a4c3-a80ba523a7c1	NULL	0	0	0	NULL
343	Rango	NULL	NULL	0	12289fc2-71cb-4c11-ad9b-598b57a6627b	NULL	0	0	1	2023-12-29 00:00:00
879	Rango MU	NULL	NULL	0	5a4dd74f-dad8-457b-9e60-463133a14dba	NULL	0	0	0	NULL
1163	Reception	245	Shyira HD	0	8a4e37e3-5178-11ea-a500-645d86728797	Billing Location, Login Location	0	0	33460	2026-07-29 15:24:37
73	Remera	NULL	NULL	0	f31f21e9-2ac7-48e6-9701-3a116ed1035f	NULL	0	0	6	2024-04-08 00:00:00
572	Remera MU	NULL	NULL	0	15908b6f-cf4e-4da4-8306-d7b2b88fa87b	NULL	0	0	0	NULL
360	Remera Rukoma	NULL	NULL	0	7038a822-cbc3-4398-b11d-66cba87e788c	NULL	0	0	0	NULL
359	Remera Rukoma HD	NULL	NULL	0	5627ce9e-9044-4e60-a60a-f7dd96e82dc2	NULL	0	0	0	NULL
201	Remera-Mbogo	NULL	NULL	0	9b3cf0f7-7f85-4081-a1c8-e4da43c00987	NULL	0	0	0	NULL
714	Remera-Mbogo MU	NULL	NULL	0	ac5c629c-7aae-484b-9f8b-78759cd8995e	NULL	0	0	0	NULL
892	Remera-Rukoma MU	NULL	NULL	0	efcb3766-1469-4bb1-a7f7-4630174ffa45	NULL	0	0	0	NULL
7	Rilima	NULL	NULL	0	f01de7a9-ed0f-4a2e-9c08-c5c24b8292b4	NULL	0	0	0	NULL
503	Rilima MU	NULL	NULL	0	0b008ae2-7c73-4615-ae75-412a152f5b3d	NULL	0	0	0	NULL
816	Rubavu DP	NULL	NULL	0	2fb98a6b-f970-4a4e-bddc-d130e2ef448b	NULL	0	0	12	2025-06-08 00:00:00
162	Rubaya (GICUMBI)	NULL	NULL	0	9546500e-131f-43c3-abea-0cf3f4018312	NULL	0	0	0	NULL
241	Rubaya (NGORORERO)	NULL	NULL	0	bbac350a-2c78-4796-9e55-abea18027c16	NULL	0	0	0	NULL
690	Rubaya MU [Gicumbi]	NULL	NULL	0	86c699f2-dbdc-4c59-8f40-62f58edd7cec	NULL	0	0	0	NULL
223	Rubengera	NULL	NULL	0	e681519c-6082-41f8-a191-d44427099a45	NULL	0	0	0	NULL
744	Rubengera MU	NULL	NULL	0	e908ea98-4e8a-4557-a381-99553f5d02c5	NULL	0	0	0	NULL
344	Rubona (HUYE)	NULL	NULL	0	4783591e-b2aa-48d7-b182-9875830a38d5	NULL	0	0	0	NULL
584	Rubona (NGOMA)	NULL	NULL	0	9e44a10c-8e81-4d3b-be23-743093ee12b3	NULL	0	0	0	NULL
242	Rubona (NGORORERO)	NULL	NULL	0	8ec84a41-a160-4d52-a06a-a3b6f875ee4f	NULL	0	0	0	NULL
110	Rubona (RWAMAGANA)	NULL	NULL	0	8dd03756-5398-433f-bcd9-262db9790350	NULL	0	0	1	2023-02-13 00:00:00
766	Rubona MU [Ngororero]	NULL	NULL	0	bba859c4-2927-4d0c-87e0-4826375429af	NULL	0	0	0	NULL
612	Rubona MU [Rwamagana]	NULL	NULL	0	eabe8f93-12a2-444a-961f-5a9564f62a3e	NULL	0	0	1	2023-05-17 00:00:00
466	Rubungo	NULL	NULL	0	711c5814-28ca-4644-b102-2dc63c02a54b	NULL	0	0	0	NULL
1011	Rubungo MU	NULL	NULL	0	a52f26f0-1497-4569-bb4a-c5fca01bb6e4	NULL	0	0	1	2026-05-26 00:00:00
222	Rufungo	NULL	NULL	0	404099ea-8f3e-4184-8cc4-bd6db94c096d	NULL	0	0	4499	2025-03-11 00:00:00
736	Rufungo MU	NULL	NULL	0	b904f002-ccb2-4803-a330-34a1b3dabc8e	NULL	0	0	0	NULL
221	Rugabano	NULL	NULL	0	2f322148-d539-4aa0-beb6-607bd4b4bf73	NULL	0	0	0	NULL
737	Rugabano MU	NULL	NULL	0	2d4225f4-0f57-4d6b-aabb-f3f46bb7d126	NULL	0	0	1	2024-03-21 00:00:00
23	Rugarama (GATSIBO)	NULL	NULL	0	5500aa01-a74f-4bc1-ace1-102db992fea7	NULL	0	0	0	NULL
482	Rugarama (NYARUGENGE)	NULL	NULL	0	76ec24bf-4032-43df-ac62-dcd5802f04fe	NULL	0	0	0	NULL
514	Rugarama MU [Gatsibo]	NULL	NULL	0	5f90a95b-58d6-4472-92ef-c145ff1f47a3	NULL	0	0	0	NULL
1144	Rugarama MU [Nyarungenge]	NULL	NULL	0	220b61d2-1a00-4f02-a0bb-0014979d3b85	NULL	0	0	1	2024-01-17 00:00:00
750	Rugari	NULL	NULL	0	4817e07d-2df8-4513-bf7f-694afb7c7f85	NULL	0	0	0	NULL
394	Rugege	NULL	NULL	0	91dd813c-5aed-4f7d-be7d-55495953011c	NULL	0	0	0	NULL
924	Rugege MU	NULL	NULL	0	96111d0a-9771-426e-882e-3936517ddc4c	NULL	0	0	0	NULL
444	Ruhango	NULL	NULL	0	8c1d8ca3-ee82-4fd7-92ea-845f3f803db9	NULL	0	0	32	2026-07-26 00:00:00
985	Ruhango DP	NULL	NULL	0	86c7f661-de88-4dd8-b79d-bceeea56fc48	NULL	0	0	1	2026-01-15 00:00:00
988	Ruhango MU	NULL	NULL	0	a03c1ae4-7c9d-4bfc-8ad3-5da25c19b309	NULL	0	0	10	2024-09-14 00:00:00
354	Ruhashya-Rwaniro	NULL	NULL	0	60de17f5-1b93-446a-bafa-8730610d66eb	NULL	0	0	0	NULL
160	Ruhenda	NULL	NULL	0	edfdb3fe-0336-4371-8a15-5746e9447d5f	NULL	0	0	1	2025-06-08 00:00:00
672	Ruhenda MU	NULL	NULL	0	d62b8544-6168-4553-90aa-46253a085d62	NULL	0	0	1	2023-07-27 00:00:00
706	Ruhengeri	NULL	NULL	0	d1949107-0ac3-4824-9023-2a8b116b7a02	NULL	0	0	109	2025-09-12 00:00:00
179	Ruhengeri HP	NULL	NULL	0	af57e8c8-897b-4694-86e2-f9d6f63b0d31	NULL	0	0	80	2025-04-01 00:00:00
693	Ruhengeri MU	NULL	NULL	0	7a921365-f8e9-4635-b486-c6db0ac6cb0d	NULL	0	0	2	2025-06-09 00:00:00
280	Ruheru (NYAMASHEKE)	NULL	NULL	0	f4a2f69a-c905-4ccf-9b73-9e4dfb3ace96	NULL	0	0	0	NULL
419	Ruheru (NYARUGURU)	NULL	NULL	0	a7adc010-a09e-4fc8-a3d1-1994b8110244	NULL	0	0	0	NULL
798	Ruheru MU [Nyamasheke]	NULL	NULL	0	0c2e4037-7e23-4a41-9eef-76eeae80f95c	NULL	0	0	0	NULL
959	Ruheru MU [Nyaruguru]	NULL	NULL	0	27749614-f371-4eaa-b195-5914954f9de1	NULL	0	0	0	NULL
664	Ruhinga	NULL	NULL	0	fb240022-fc65-4dff-9ca0-fab96598e763	NULL	0	0	0	NULL
6	Ruhuha	NULL	NULL	0	aa06dee5-d2ab-4fce-8f7b-d8fe7d812a97	NULL	0	0	0	NULL
492	Ruhuha MU	NULL	NULL	0	bcc58c5b-b0b5-4abd-928b-6ca2a4d32477	NULL	0	0	0	NULL
111	Ruhunda	NULL	NULL	0	19f0ae12-1825-41fd-b3c4-42bad1d7c744	NULL	0	0	0	NULL
620	Ruhunda MU	NULL	NULL	0	6d7c4b9f-42d8-4036-84c0-39abb34bc4a2	NULL	0	0	0	NULL
121	Ruhunde	NULL	NULL	0	099743b5-698e-4609-92e3-c3314a51dbae	NULL	0	0	1	2023-07-26 00:00:00
640	Ruhunde MU	NULL	NULL	0	805ef9a1-7d69-4ee2-9988-65cc8a75ab48	NULL	0	0	0	NULL
749	Ruhunga	NULL	NULL	0	10cfd06b-091b-4616-b88d-112153e10358	NULL	0	0	0	NULL
50	Rukara	NULL	NULL	0	6448c9be-f477-467a-978a-a2f18604f6b6	NULL	0	0	1	2023-08-19 00:00:00
549	Rukara MU	NULL	NULL	0	c705d8e5-379e-4471-b654-e1a8a9cb3c29	NULL	0	0	0	NULL
72	Rukira	NULL	NULL	0	e37d558d-47be-480a-ba58-83778e3e97bb	NULL	0	0	0	NULL
577	Rukira MU	NULL	NULL	0	8690193b-0ebd-4a10-bb65-dea1bc774bf0	NULL	0	0	0	NULL
71	Rukoma Sake	NULL	NULL	0	4c8c6138-3b3d-4c23-8e1c-8c3501eaab0c	NULL	0	0	0	NULL
575	Rukoma-Sake MU	NULL	NULL	0	4b61861c-8734-48de-8c08-6e39535dc48f	NULL	0	0	0	NULL
95	Rukomo	NULL	NULL	0	badf3ed1-cac3-40b5-8cc7-37aa6d0bbbe8	NULL	0	0	1	2023-07-24 00:00:00
595	Rukomo MU	NULL	NULL	0	c21643d5-6335-4e4e-b95c-e007b0dcc39c	NULL	0	0	0	NULL
194	Rukozo	NULL	NULL	0	fde7e88c-eac7-4c03-a194-b64eb6378e84	NULL	0	0	0	NULL
726	Rukozo MU	NULL	NULL	0	9ee40546-d75a-4874-80ee-5647f233add8	NULL	0	0	0	NULL
70	Rukumberi	NULL	NULL	0	8510f9a2-608c-4fdd-b180-95264af1ea4c	NULL	0	0	0	NULL
567	Rukumberi MU	NULL	NULL	0	1628676c-4145-482e-9f91-821a4c381829	NULL	0	0	0	NULL
135	Rukura	NULL	NULL	0	85c5d63e-ce4b-4f37-a025-2e9d2017f037	NULL	0	0	0	NULL
657	Rukura MU	NULL	NULL	0	9c6d5491-3b9f-4614-ba3b-495c002aedde	NULL	0	0	0	NULL
136	Ruli	NULL	NULL	0	6afa6c20-89bb-4e2a-85a3-ab02473c2e74	NULL	0	0	3	2024-05-27 00:00:00
143	Ruli HD	NULL	NULL	0	02624801-43a9-4d44-8805-8816c806a069	NULL	0	0	3	2023-09-14 00:00:00
651	Ruli MU	NULL	NULL	0	70f0125e-cb45-4098-9e30-7722155dae1b	NULL	0	0	0	NULL
207	Rulindo	NULL	NULL	0	862ef616-0008-4f20-87c4-8170087a0801	NULL	0	0	0	NULL
713	Rulindo DP	NULL	NULL	0	ea4da90c-c95b-43bc-838f-c34a0fca3476	NULL	0	0	0	NULL
723	Rulindo MU	NULL	NULL	0	7024cb28-9fc0-4944-80f3-74d056506994	NULL	0	0	0	NULL
421	Runyombyi	NULL	NULL	0	3d143018-96f2-4429-b7af-d521afaa5863	NULL	0	0	0	NULL
960	Runyombyi MU	NULL	NULL	0	8e2d26bd-0a06-4be1-8ac9-e3e295bc81d6	NULL	0	0	0	NULL
420	Ruramba	NULL	NULL	0	43bdd5c3-dc17-4af2-8920-77efcb4ea402	NULL	0	0	0	NULL
958	Ruramba MU	NULL	NULL	0	ea33da4a-d447-4ace-afb9-c12e7bf138fa	NULL	0	0	0	NULL
39	Ruramira	NULL	NULL	0	3944a41f-a7c7-4d04-a282-5e33d32e6bce	NULL	0	0	0	NULL
550	Ruramira MU	NULL	NULL	0	7f66bbfe-0eac-4312-82a9-b562a2cceb11	NULL	0	0	0	NULL
258	Rurembo	NULL	NULL	0	4600aa28-f920-4abb-9f50-93ad1a8b6f7e	NULL	0	0	95	2026-07-21 00:00:00
792	Rurembo MU	NULL	NULL	0	5b65a470-6d7f-4db4-a2a6-7d351c3da0a9	NULL	0	0	28	2026-06-16 00:00:00
94	Rurenge	NULL	NULL	0	561e6694-2a1b-49c3-8649-b9aad8f6f7d2	NULL	0	0	0	NULL
594	Rurenge MU	NULL	NULL	0	f19c1942-49f6-4a17-aa47-ff8070f5829e	NULL	0	0	0	NULL
122	Rusasa	NULL	NULL	0	726e1d91-3c71-4441-91a7-f279335c88ab	NULL	0	0	6	2026-03-25 00:00:00
630	Rusasa MU	NULL	NULL	0	37af789c-db3b-4481-9435-65a5801ffc32	NULL	0	0	1	2023-03-15 00:00:00
345	Rusatira-Kinazi	NULL	NULL	0	8e0e63f6-d19d-4d07-8519-887819260d6e	NULL	0	0	0	NULL
878	Rusatira-Kinazi MU	NULL	NULL	0	84104d21-5eb2-46bf-b0d3-709fda6707bb	NULL	0	0	0	NULL
168	Rushaki	NULL	NULL	0	477eed67-f419-4b91-8906-494e22274c3c	NULL	0	0	0	NULL
679	Rushaki MU	NULL	NULL	0	d1fafd4b-d2e1-4c20-8ccf-adaca5f3260c	NULL	0	0	0	NULL
138	Rushashi	NULL	NULL	0	67c1d672-c453-48e2-847d-6a29ec47e03b	NULL	0	0	0	NULL
645	Rushashi MU	NULL	NULL	0	e5a055cf-f974-46d8-9c9e-5fa6c2141790	NULL	0	0	0	NULL
296	Rusizi	NULL	NULL	0	9419c5fd-4836-4083-93ce-0c63d53b5d23	NULL	0	0	0	NULL
835	Rusizi DP	NULL	NULL	0	b35931bd-46d1-4d69-82f4-826a77e07b8e	NULL	0	0	0	NULL
139	Rusoro	NULL	NULL	0	9b1659f1-a3c9-4dcd-997a-7f109cc7a507	NULL	0	0	126	2026-06-25 00:00:00
663	Rusoro MU	NULL	NULL	0	408dfc0c-f5ce-4a05-828a-c08510ff28fd	NULL	0	0	29	2026-05-25 00:00:00
60	Rusumo	NULL	NULL	0	84303a9e-dd32-4612-bbeb-03e06e12ac71	NULL	0	0	1	2026-06-12 00:00:00
564	Rusumo MU	NULL	NULL	0	d169283c-28b1-4abf-8785-16c5938ff6be	NULL	0	0	0	NULL
243	Rususa	NULL	NULL	0	afdfffc7-4838-4c30-9d36-6de7bd060814	NULL	0	0	2	2025-10-18 00:00:00
771	Rususa MU	NULL	NULL	0	d4299ec2-4226-443a-9e7a-1de916007567	NULL	0	0	0	NULL
140	Rutake	NULL	NULL	0	c2ebffb3-c13c-4133-b8e1-7da929e474f3	NULL	0	0	3	2026-06-01 00:00:00
643	Rutake MU	NULL	NULL	0	f31e9708-befb-42d0-92cb-c22801d9def3	NULL	0	0	0	NULL
46	Rutare	NULL	NULL	0	3b7bbf21-2ca2-437c-9f05-4892a0e9edfb	NULL	0	0	0	NULL
158	Rutare (Gicumbi)	NULL	NULL	0	1d78d3f2-5960-47bb-9e63-576689e20742	NULL	0	0	0	NULL
681	Rutare MU [Gicumbi]	NULL	NULL	0	3f8fd5ad-5979-41c4-bc35-9d50774e3849	NULL	0	0	0	NULL
688	Rutare MU [Kayonza]	NULL	NULL	0	7ecadc8b-6476-4b09-bb80-6e99dd5cd2e6	NULL	0	0	0	NULL
141	Rutenderi	NULL	NULL	0	0d304fa5-4263-4911-899b-f9921da6bd11	NULL	0	0	1	2025-11-07 00:00:00
646	Rutenderi MU	NULL	NULL	0	814c408d-689d-4f33-8f30-7b8103b549b7	NULL	0	0	0	NULL
378	Rutobwe	NULL	NULL	0	4d83c247-fd66-4f60-9645-aae40045a64a	NULL	0	0	0	NULL
904	Rutobwe MU	NULL	NULL	0	f77673f7-db23-4781-b30a-ab9e32862899	NULL	0	0	0	NULL
203	Rutonde	NULL	NULL	0	6463b4ef-299e-4172-b286-a617cee2803e	NULL	0	0	1	2022-11-14 00:00:00
717	Rutonde MU	NULL	NULL	0	e17b2d61-04aa-470e-92fb-277a91c8dfc3	NULL	0	0	0	NULL
205	Rutongo HD	NULL	NULL	0	ec0f55db-2da0-4f71-91e5-433b51cad1b7	NULL	0	0	8	2023-03-27 00:00:00
848	Rutsiro	NULL	NULL	0	87e25f94-73bf-4224-a30c-e7a04e49803d	NULL	0	0	0	NULL
975	Rutsiro DP	NULL	NULL	0	9fcda80c-d34d-4039-91bb-43a0453ddbfb	NULL	0	0	0	NULL
846	Rutsiro MU	NULL	NULL	0	76e4386e-397a-479e-93f9-4a0419ee948e	NULL	0	0	0	NULL
410	Ruyenzi	NULL	NULL	0	c0ea45db-49ff-4f3e-a076-65821d8f1678	NULL	0	0	0	NULL
940	Ruyenzi MU	NULL	NULL	0	96852b44-cc74-4625-bb99-cc673f218656	NULL	0	0	0	NULL
204	Rwahi	NULL	NULL	0	01dc930d-613b-4d2e-9fb8-a6f41aeb829e	NULL	0	0	0	NULL
716	Rwahi MU	NULL	NULL	0	eec6a6b8-6a76-4b54-b168-2723b6bd37a9	NULL	0	0	0	NULL
103	Rwamagana	NULL	NULL	0	2d7b6011-8a7c-4f80-8eee-f121ec58322a	NULL	0	0	5	2025-06-25 00:00:00
618	Rwamagana DP	NULL	NULL	0	31ba6c88-a8ea-4a04-be15-17d47af54ed8	NULL	0	0	0	NULL
114	Rwamagana HP	NULL	NULL	0	93c28bbc-d1eb-4de5-b9ed-5a838935964c	NULL	0	0	4	2025-11-29 00:00:00
623	Rwamagana MU	NULL	NULL	0	790ee28c-3bf9-4eba-b96f-983e43de1242	NULL	0	0	0	NULL
1151	Rwanda Eye Clin	NULL	NULL	0	43bbd65b-8a0a-41aa-beb6-6c7be93dad73	NULL	0	0	0	NULL
1043	Rwanda Military Hospital	NULL	NULL	0	747bc6f0-09e4-4c9d-8302-8f198d5f2177	NULL	0	0	0	NULL
452	Rwanda Women's Network	NULL	NULL	0	94189b9f-847c-4e38-a510-6f0cfd4057c5	NULL	0	0	0	NULL
346	Rwaniro	NULL	NULL	0	94a80350-8876-4237-aa50-9890ec20bf8d	NULL	0	0	0	NULL
883	Rwaniro MU	NULL	NULL	0	8506f61c-e58b-489e-afef-ab322e52bef5	NULL	0	0	0	NULL
247	Rwankeri	NULL	NULL	0	babea437-e4be-4632-b492-014bfee5a732	NULL	0	0	50	2026-03-26 00:00:00
791	Rwankeri MU	NULL	NULL	0	0d4cffe4-21af-4e0a-b281-126d2b90a308	NULL	0	0	2	2026-05-22 00:00:00
142	Rwankuba	NULL	NULL	0	c463f481-59da-4599-8be8-9f838e747a36	NULL	0	0	0	NULL
656	Rwankuba MU	NULL	NULL	0	f0d5e78b-c9ce-4f8c-8ee2-6194d673eee6	NULL	0	0	0	NULL
175	Rwaza	NULL	NULL	0	ba2dbd87-d206-4ec4-9304-dff97235a57f	NULL	0	0	10	2026-06-12 00:00:00
702	Rwaza MU	NULL	NULL	0	16d5044e-22d1-4e74-9107-774659774120	NULL	0	0	1	2022-05-18 00:00:00
22	Rwembogo	NULL	NULL	0	da0f9c8f-f13a-4ec9-9aba-ddb2251d8bf1	NULL	0	0	0	NULL
522	Rwembogo MU	NULL	NULL	0	812da7b8-52ce-4f63-9526-df3a2db44ab6	NULL	0	0	0	NULL
93	Rwempasha	NULL	NULL	0	9c944c73-3f12-45f1-ace9-6f04db0250a9	NULL	0	0	0	NULL
608	Rwempasha MU	NULL	NULL	0	26964571-6a1f-4ed4-9762-fb920c055425	NULL	0	0	0	NULL
118	Rwerere	NULL	NULL	0	3bc0772c-5c1b-45a3-9535-990e45d43395	NULL	0	0	0	NULL
642	Rwerere MU	NULL	NULL	0	8a198e00-4140-48e2-a5bd-fedaa267eebb	NULL	0	0	0	NULL
155	Rwesero	NULL	NULL	0	2c735b7c-edac-426a-9fb5-f1027414d58c	NULL	0	0	1	2019-07-31 00:00:00
678	Rwesero MU	NULL	NULL	0	b49b8d72-729e-4da4-9f90-ee807998f21f	NULL	0	0	0	NULL
28	Rwimitereri	NULL	NULL	0	ba0166b8-acef-47f0-9e62-59c88902f1af	NULL	0	0	8	2023-05-12 00:00:00
512	Rwimiteriri MU	NULL	NULL	0	3a8c304b-5df8-497d-9c73-cac3970be46c	NULL	0	0	1	2019-03-29 00:00:00
45	Rwinkwavu	NULL	NULL	0	59481056-b7f0-4ca4-96f8-503e0d2bf02c	NULL	0	0	3	2023-09-12 00:00:00
42	Rwinkwavu HD	NULL	NULL	0	f17d67f9-1e00-49e2-9f2f-59553a6ff2b8	NULL	0	0	29	2024-01-08 15:20:00
1156	Rwinkwavu Hospital	NULL	NULL	0	38c4b94b-97a6-4f2c-bca6-c28a37cf60ed	NULL	0	0	0	NULL
535	Rwinkwavu MU	NULL	NULL	0	3a0797e7-216a-4589-ab50-e15125fa4c64	NULL	0	0	1	2020-04-17 00:00:00
40	Ryamanyoni	NULL	NULL	0	2885a133-b251-43d0-b114-b1908ef87338	NULL	0	0	2	2023-06-07 00:00:00
539	Ryamanyoni MU	NULL	NULL	0	0dfcfeb2-c69c-4037-aa3b-a6a45d5fb173	NULL	0	0	3	2022-01-04 00:00:00
69	Sangaza	NULL	NULL	0	de395be3-7331-4674-8548-66c49b8e495e	NULL	0	0	4	2021-08-13 00:00:00
580	Sangaza MU	NULL	NULL	0	7a9491cf-885a-46fc-89c5-6b830a870e59	NULL	0	0	2	2024-04-24 00:00:00
342	Save	NULL	NULL	0	c5eb2ea8-459b-401c-87dd-4fb38e0d01ec	NULL	0	0	3	2023-08-31 00:00:00
859	Save MU	NULL	NULL	0	a5b45dfa-e3f9-4c47-a936-4eff2c71c453	NULL	0	0	0	NULL
659	SERERI	NULL	NULL	0	6917c1fa-f2f6-4ac4-8c57-49b961265d96	NULL	0	0	20	2025-08-07 00:00:00
532	SEVER	NULL	NULL	0	1e934321-5846-4347-8d1a-f0bbb8e1a588	NULL	0	0	2	2021-08-03 00:00:00
936	Shaba	NULL	NULL	0	38b279dd-bac4-4f4b-bef0-5fd870b07507	NULL	0	0	7	2023-08-10 00:00:00
789	SHEMA	NULL	NULL	0	50bd26c7-a5da-445d-a479-1c1b977a8dd7	NULL	0	0	5	2026-01-21 10:30:33
176	Shingiro	NULL	NULL	0	89ab737e-ac4f-48ed-9a94-403309f54de2	NULL	0	0	11	2026-01-22 00:00:00
703	Shingiro MU	NULL	NULL	0	f45838e3-6d8a-4a68-ba0b-125230ad4496	NULL	28	0	63	2026-06-09 00:00:00
248	Shyira	NULL	NULL	0	d65b94a3-9d59-4821-8a98-f40a3d62e663	NULL	42	0	7875	2026-07-29 00:00:00
245	Shyira HD	NULL	NULL	0	d990095f-287d-4efd-b4b3-49740cb255cd	Visit Location	287798	2867	1255529	2026-08-03 18:09:22
790	Shyira MU	NULL	NULL	0	50911365-cfbd-410a-946d-42126d37eda3	NULL	50	0	658	2026-07-23 00:00:00
384	Shyogwe	NULL	NULL	0	34f97e8c-166f-4213-b8db-89caadb79a73	NULL	0	0	12	2025-06-16 00:00:00
902	Shyogwe MU	NULL	NULL	0	390c92ef-fa00-43d5-8a7a-fd496b2f7564	NULL	0	0	3	2023-08-30 00:00:00
189	Shyorongi	NULL	NULL	0	e37ec3b8-7de0-4ced-912e-a8b2efa5ef5d	NULL	0	0	2	2025-01-04 00:00:00
719	Shyorongi MU	NULL	NULL	0	88367295-1a32-45f9-80b8-cadc0e2a9291	NULL	0	0	0	NULL
347	Simbi	NULL	NULL	0	0211c545-70ae-422f-bba6-a9f7bd6380f7	NULL	0	0	2	2026-03-03 14:12:12
871	Simbi MU	NULL	NULL	0	76a1de49-b1ac-471e-bdb6-60926916aa1b	NULL	0	0	1	2024-01-15 00:00:00
453	Solace Ministries CS	NULL	NULL	0	9e2f39f2-0be2-4d93-8191-57867e094f16	NULL	0	0	0	NULL
1108	SORAS Assurance	NULL	NULL	0	22917e1a-8477-45d1-afef-12feeb32251f	NULL	0	0	1	2022-09-29 00:00:00
348	Sovu	NULL	NULL	0	c7f434b7-1f7e-494f-9590-53cbfc62c0b6	NULL	0	0	1	2020-12-03 00:00:00
872	Sovu MU	NULL	NULL	0	85f4358a-c109-4509-abc0-b305162fdfe5	NULL	0	0	1	2019-08-06 00:00:00
831	St Francois Rusizi MU	NULL	NULL	0	27428578-7a82-4e21-bc9b-f4a2f11183f8	NULL	0	0	0	NULL
1099	St Pierre BioMédical	NULL	NULL	0	f87e6b66-5341-43b3-b6c7-c408a7071d69	NULL	0	0	1	2023-06-28 00:00:00
1174	Stomatology Department	245	Shyira HD	0	fa0a29f5-ba38-4473-84b2-1d52ad7a8ec5	Login Location, Outpatient Location, Stomatology Location	0	0	103	2026-07-17 16:36:50
1171	Surgery Department	245	Shyira HD	0	29c0064f-4894-4097-b9a7-977c076c11da	Admission Location, Internal Medecine Location, Login Location, Surgery Location, Transfer Location	0	0	4901	2026-07-30 00:00:00
1169	System Administration	245	Shyira HD	0	86d57061-9465-4d7e-bf0a-a8dcc8a5d2ce	Admin Location, Admission Location, Billing Location, GBV Location, ID Location, Internal Medecine Location, Laboratory Location, Login Location, Maternity Location, Mental Health Location, NCD Location, Neonatology Location, Nursing Location, Ophtalmology Location, Outpatient Location, Pharmacy Location, Physiotherapy Location, Radiology Location, Stomatology Location, Surgery Location, Transfer Location	0	0	44	2026-08-01 21:47:45
96	Tabagwe	NULL	NULL	0	fde1e849-19d6-4b64-99f9-5150b1ffa3aa	NULL	0	0	1	2025-04-28 00:00:00
597	Tabagwe MU	NULL	NULL	0	2bcd95ad-e4cb-4770-b8ea-924ad9502763	NULL	0	0	0	NULL
157	Tanda	NULL	NULL	0	5755eadc-b9c1-45c9-9a49-3a4dd5435773	NULL	0	0	0	NULL
685	Tanda MU	NULL	NULL	0	945a540a-9c33-420e-91c8-bfb80da75858	NULL	0	0	0	NULL
191	Tare	NULL	NULL	0	37d66806-a03b-4bd9-9603-55f4d28cf76a	NULL	0	0	0	NULL
718	Tare MU	NULL	NULL	0	b938cb73-1d2b-4b03-a931-283576fe4d3e	NULL	0	0	0	NULL
1179	Theater Service	245	Shyira HD	0	b368037d-c27a-4d8c-b5a5-22a035eb3c26	Login Location, Theater Service	0	0	0	NULL
485	TRAC Clinic	NULL	NULL	0	fe94fa64-4515-46f1-8964-5f5687ac189e	NULL	0	0	0	NULL
188	Tumba	NULL	NULL	0	3fdf6c03-2633-422b-b2e8-5ac9a8c3c5c1	NULL	0	0	0	NULL
715	Tumba MU	NULL	NULL	0	6afebf84-7f36-4e15-a500-4a9234339e9f	NULL	0	0	0	NULL
547	UBUMWE	NULL	NULL	1	6bb7e9d0-7298-4acd-a426-74335dd80bff	NULL	0	0	0	NULL
900	UBUZIMA BWIZA	NULL	NULL	0	7de85546-597f-495c-802f-b4c3921ccf8e	NULL	0	0	0	NULL
1	Unknown Location	NULL	NULL	1	8d6c993e-c2cc-11de-8d13-0010c6dffd0f	NULL	0	0	25	2024-01-18 00:00:00
402	UWIKINGI	NULL	NULL	0	90207f20-a4d7-4034-9df5-29d94b246d2b	NULL	0	0	0	NULL
277	Yove	NULL	NULL	0	ea0bfbf8-a78d-458d-b229-87c6eb658ddb	NULL	0	0	2	2022-05-12 00:00:00
811	Yove MU	NULL	NULL	0	c76429e9-1897-42bf-89f6-3fc670d7645b	NULL	0	0	2	2026-01-12 00:00:00
68	Zaza	NULL	NULL	0	f33327ce-ee37-419c-899d-1d548e34c363	NULL	0	0	0	NULL
571	Zaza MU	NULL	NULL	0	d19ee38a-fd0a-4c9f-b16a-801250d73976	NULL	0	0	1	2024-03-03 00:00:00
